Workbook

Sheet Sheet
A1: Nivel | B1: Nombre Alumno | C1: A. Paterno Alumno | D1: A. Materno Alumno | E1: Matrícula | F1: Nombre | G1: Carrera | H1: Grado | I1: Sexo | J1: Situación | K1: Grupo | L1: Total Total
A2: LICENCIATURA | B2: ABBY DESSIRE | C2: PELAYO | D2: DIAZ | E2: 111772 | F2: PELAYO DIAZ ABBY DESSIRE | G2: NUTRICION Y GASTRONOMIA | H2: 4to | I2: Femenino | J2: Activo | K2: NUT 4° | L2: 1
A3: LICENCIATURA | B3: ABIGAIL | C3: MENDOZA | D3: VILLELA | E3: 112156 | F3: MENDOZA VILLELA ABIGAIL | G3: PSICOLOGIA | H3: 2do | I3: Femenino | J3: Activo | K3: PSI 2° | L3: 1
A4: LICENCIATURA | B4: ABRIL ISABELLA | C4: GODOY | D4: FLORES | E4: 111103 | F4: GODOY FLORES ABRIL ISABELLA | G4: INGENIERIA CIBERNETICA Y EN SISTEMAS COMPUTACIONALES | H4: 6to | I4: Femenino | J4: Activo | K4: CIB 6° | L4: 1
A5: LICENCIATURA | B5: ADAN OSWALDO | C5: SANDOVAL | D5: CARDENAS | E5: 111031 | F5: SANDOVAL CARDENAS ADAN OSWALDO | G5: INGENIERIA AEROESPACIAL | H5: 6to | I5: Masculino | J5: Activo | K5: AERO 6° | L5: 1
A6: LICENCIATURA | B6: ADIB KALEB | C6: GONZALEZ | D6: TOSCANO | E6: 110517 | F6: GONZALEZ TOSCANO ADIB KALEB | G6: INGENIERIA AEROESPACIAL | H6: 8vo | I6: Masculino | J6: Activo | K6: AERO 8° | L6: 1
A7: LICENCIATURA | B7: ADOLFO ALEXANDER | C7: VEGA | D7: RUELAS | E7: 112194 | F7: VEGA RUELAS ADOLFO ALEXANDER | G7: INGENIERÍA AUTOMOTRIZ | H7: 2do | I7: Masculino | J7: Activo | K7: AUTO 2° A | L7: 1
A8: LICENCIATURA | B8: ADRIAN | C8: ESQUEDA | D8: MACIAS | E8: 109814 | F8: ESQUEDA MACIAS ADRIAN | G8: INGENIERIA AEROESPACIAL | H8: 10mo | I8: Masculino | J8: Activo | K8: AERO_10° | L8: 1
A9: LICENCIATURA | B9: ADRIAN | C9: JAIME | D9: OJEDA | E9: 111784 | F9: JAIME OJEDA ADRIAN | G9: INGENIERÍA AUTOMOTRIZ | H9: 4to | I9: Masculino | J9: Activo | K9: AUTO 4° | L9: 1
A10: LICENCIATURA | B10: ADRIAN ASSIS | C10: TAPIA | D10: CORRIPIO | E10: 109374 | F10: TAPIA CORRIPIO ADRIAN ASSIS | G10: INGENIERIA AEROESPACIAL | H10: 6to | I10: Masculino | J10: Activo | K10: AERO 6° | L10: 1
A11: LICENCIATURA | B11: ADRIAN BRYANT | C11: VEGA | D11: CASTAÑEDA | E11: 111793 | F11: VEGA CASTAÑEDA ADRIAN BRYANT | G11: PSICOLOGIA | H11: 4to | I11: Masculino | J11: Activo | K11: PSI 4° | L11: 1
A12: LICENCIATURA | B12: ADRIAN ENRIQUE | C12: MORALES | D12: ORTIZ | E12: 112223 | F12: MORALES ORTIZ ADRIAN ENRIQUE | G12: INGENIERIA AEROESPACIAL | H12: 2do | I12: Masculino | J12: Activo | K12: AERO 2°A | L12: 1
A13: LICENCIATURA | B13: ADRIANA | C13: AMARO | D13: BALTIERRA | E13: 111068 | F13: AMARO BALTIERRA ADRIANA | G13: INGENIERIA AEROESPACIAL | H13: 6to | I13: Femenino | J13: Activo | K13: AERO 6° | L13: 1
... A117: LICENCIATURA | B117: BRUNO SANTIAGO | C117: MUÑOZ | D117: GUTIERREZ | E117: 112196 | F117: MUÑOZ GUTIERREZ BRUNO SANTIAGO | G117: INGENIERÍA AUTOMOTRIZ | H117: 2do | I117: Masculino | J117: Activo | K117: AUTO 2° B | L117: 1
A118: LICENCIATURA | B118: CAMILLA | C118: ZEPEDA JIMENEZ | E118: 112248 | F118: ZEPEDA JIMENEZ CAMILLA | G118: INGENIERIA AEROESPACIAL | H118: 2do | I118: Femenino | J118: Activo | K118: AERO 2°A | L118: 1
A119: LICENCIATURA | B119: CARLA | C119: CARPINTERO | D119: MERINO | E119: 110478 | F119: CARPINTERO MERINO CARLA | G119: INGENIERIA CIBERNETICA Y EN SISTEMAS COMPUTACIONALES | H119: 8vo | I119: Femenino | J119: Activo | K119: CIB 8° | L119: 1
A120: LICENCIATURA | B120: CARLOS ALONSO | C120: MORENO | D120: DIAZ | E120: 112218 | F120: MORENO DIAZ CARLOS ALONSO | G120: PSICOLOGIA | H120: 2do | I120: Masculino | J120: Activo | K120: PSI 2° | L120: 1
A121: LICENCIATURA | B121: CARLOS EDUARDO | C121: YERENA | D121: NAVARRO | E121: 007404 | F121: YERENA NAVARRO CARLOS EDUARDO | G121: PSICOLOGIA | H121: 8vo | I121: Masculino | J121: Activo | K121: PSI 8° | L121: 1
A122: LICENCIATURA | B122: CARLOS ERNESTO | C122: NAVARRO | D122: LESPRON | E122: 112346 | F122: NAVARRO LESPRON CARLOS ERNESTO | G122: ARQUITECTURA | H122: 2do | I122: Masculino | J122: Activo | K122: ARQ 2° | L122: 1
A123: LICENCIATURA | B123: CARLOS FERNANDO | C123: SERRANO | D123: AMADOR | E123: 111208 | F123: SERRANO AMADOR CARLOS FERNANDO | G123: INGENIERÍA EN INTELIGENCIA ARTIFICIAL | H123: 6to | I123: Masculino | J123: Activo | K123: IA 6° | L123: 1
A124: LICENCIATURA | B124: CARLOS IVAN | C124: FLORES | D124: GUTIERREZ | E124: 110559 | F124: FLORES GUTIERREZ CARLOS IVAN | G124: ANIMACION DIGITAL Y VIDEOJUEGOS | H124: 8vo | I124: Masculino | J124: Activo | K124: ANIM 8° | L124: 1
A125: LICENCIATURA | B125: CARLOS OSVALDO | C125: MEDINA | D125: DIAZ | E125: 112201 | F125: MEDINA DIAZ CARLOS OSVALDO | G125: INGENIERÍA AUTOMOTRIZ | H125: 2do | I125: Masculino | J125: Activo | K125: AUTO 2° B | L125: 1
A126: LICENCIATURA | B126: CARLOS ROBERTO | C126: RAMIREZ | D126: GARCIA | E126: 110498 | F126: RAMIREZ GARCIA CARLOS ROBERTO | G126: ANIMACION DIGITAL Y VIDEOJUEGOS | H126: 8vo | I126: Masculino | J126: Activo | K126: ANIM 8° | L126: 1
A127: LICENCIATURA | B127: CARLOS SANTIAGO | C127: PEREZ | D127: DIEZ | E127: 111663 | F127: PEREZ DIEZ CARLOS SANTIAGO | G127: INGENIERIA AEROESPACIAL | H127: 4to | I127: Masculino | J127: Activo | K127: AERO 4°B | L127: 1
A128: LICENCIATURA | B128: CAROL MARIAN | C128: CASTILLO | D128: MUNGUIA | E128: 109970 | F128: CASTILLO MUNGUIA CAROL MARIAN | G128: INGENIERIA AEROESPACIAL | H128: 10mo | I128: Femenino | J128: Activo | K128: AERO_10° | L128: 1
A129: LICENCIATURA | B129: CAROL NOEMI | C129: HURTADO | D129: MACIAS | E129: 110423 | F129: HURTADO MACIAS CAROL NOEMI | G129: ANIMACION DIGITAL Y VIDEOJUEGOS | H129: 8vo | I129: Femenino | J129: Activo | K129: ANIM 8° | L129: 1
A130: LICENCIATURA | B130: CAROL VANESSA | C130: CAMARGO | D130: CARMONA | E130: 112237 | F130: CAMARGO CARMONA CAROL VANESSA | G130: INGENIERÍA AUTOMOTRIZ | H130: 2do | I130: Femenino | J130: Activo | K130: AUTO 2° A | L130: 1
... A169: LICENCIATURA | B169: DARIA MADAI | C169: ALCARAZ | D169: ARROYO | E169: 112215 | F169: ALCARAZ ARROYO DARIA MADAI | G169: INGENIERIA AEROESPACIAL | H169: 2do | I169: Femenino | J169: Activo | K169: AERO 2°A | L169: 1
A170: LICENCIATURA | B170: DARIO | C170: AGUILAR | E170: 111170 | F170: AGUILAR DARIO | G170: INGENIERÍA AUTOMOTRIZ | H170: 6to | I170: Masculino | J170: Activo | K170: AUTO 6° | L170: 1
A171: LICENCIATURA | B171: DARSHAN GAEL | C171: ORTIZ | D171: ARIZA | E171: 110477 | F171: ORTIZ ARIZA DARSHAN GAEL | G171: NUTRICION Y GASTRONOMIA | H171: 8vo | I171: Masculino | J171: Activo | K171: NUT 8° | L171: 1
A172: LICENCIATURA | B172: DAVID | C172: ARECHEDERRA | D172: TREJO | E172: 006890 | F172: ARECHEDERRA TREJO DAVID | G172: INGENIERIA CIBERNETICA Y EN SISTEMAS COMPUTACIONALES | H172: 8vo | I172: Masculino | J172: Activo | K172: CIB 8° | L172: 1
A173: LICENCIATURA | B173: DAVID | C173: WILSON | D173: TORRES | E173: 110508 | F173: WILSON TORRES DAVID | G173: INGENIERIA AEROESPACIAL | H173: 8vo | I173: Masculino | J173: Activo | K173: AERO 8° | L173: 1
A174: LICENCIATURA | B174: DAVID ISRAEL | C174: ALVAREZ | D174: JIMENEZ | E174: 108218 | F174: ALVAREZ JIMENEZ DAVID ISRAEL | G174: INGENIERIA AEROESPACIAL | H174: 8vo | I174: Masculino | J174: Activo | K174: AERO 8° | L174: 1
A175: LICENCIATURA | B175: DAVID IVAN | C175: CARRANZA | D175: BARBA | E175: 110464 | F175: CARRANZA BARBA DAVID IVAN | G175: ARQUITECTURA | H175: 8vo | I175: Masculino | J175: Activo | K175: ARQ 8° | L175: 1
A176: LICENCIATURA | B176: DAVID RICARDO | C176: MONTERO | D176: JARAMILLO | E176: 112298 | F176: MONTERO JARAMILLO DAVID RICARDO | G176: ANIMACION DIGITAL Y VIDEOJUEGOS | H176: 2do | I176: Masculino | J176: Activo | K176: ANIM 2° | L176: 1
A177: LICENCIATURA | B177: DAYRA MICHELLE | C177: ZUÑIGA | D177: HERNANDEZ | E177: 111764 | F177: ZUÑIGA HERNANDEZ DAYRA MICHELLE | G177: ADMINISTRACION Y DIRECCION DE NEGOCIOS | H177: 4to | I177: Femenino | J177: Activo | K177: ADMON 4° | L177: 1
A178: LICENCIATURA | B178: DENZZEL | C178: DE LOS SANTOS | D178: DOMINGUEZ | E178: 112318 | F178: DE LOS SANTOS DOMINGUEZ DENZZEL | G178: INGENIERÍA AUTOMOTRIZ | H178: 2do | I178: Masculino | J178: Activo | K178: AUTO 2° A | L178: 1
A179: LICENCIATURA | B179: DIANA PAOLA | C179: CORONADO | D179: TIRADO | E179: 111201 | F179: CORONADO TIRADO DIANA PAOLA | G179: INGENIERÍA EN INTELIGENCIA ARTIFICIAL | H179: 6to | I179: Femenino | J179: Activo | K179: IA 6° | L179: 1
A180: LICENCIATURA | B180: DIANA PAULA | C180: DE ALVA | D180: COVARRUBIAS | E180: 110430 | F180: DE ALVA COVARRUBIAS DIANA PAULA | G180: ARQUITECTURA | H180: 8vo | I180: Femenino | J180: Activo | K180: ARQ 8° | L180: 1
A181: LICENCIATURA | B181: DIANA SARAHI | C181: RAMIREZ | D181: TABAREZ | E181: 111053 | F181: RAMIREZ TABAREZ DIANA SARAHI | G181: PSICOLOGIA | H181: 6to | I181: Femenino | J181: Activo | K181: PSI 6° | L181: 1
A182: LICENCIATURA | B182: DIEGGO | C182: ZEPEDA | D182: LOPEZ | E182: 111086 | F182: ZEPEDA LOPEZ DIEGGO | G182: INGENIERIA AEROESPACIAL | H182: 6to | I182: Masculino | J182: Activo | K182: AERO 6° | L182: 1
... A288: LICENCIATURA | B288: JAAZIEL ALEJANDRO | C288: MORENO | D288: TOSCANO | E288: 110570 | F288: MORENO TOSCANO JAAZIEL ALEJANDRO | G288: INGENIERIA AEROESPACIAL | H288: 8vo | I288: Masculino | J288: Activo | K288: AERO 8° | L288: 1
A289: LICENCIATURA | B289: JACKELINE | C289: HERNANDEZ | E289: 111213 | F289: HERNANDEZ JACKELINE | G289: ARQUITECTURA | H289: 6to | I289: Femenino | J289: Activo | K289: ARQ 6° | L289: 1
A290: LICENCIATURA | B290: JACOBO | C290: NUÑEZ | D290: VEGA | E290: 112211 | F290: NUÑEZ VEGA JACOBO | G290: INGENIERIA AEROESPACIAL | H290: 2do | I290: Masculino | J290: Activo | K290: AERO 2°B | L290: 1
A291: LICENCIATURA | B291: JADYN | C291: MEZA | D291: CORTES | E291: 110425 | F291: MEZA CORTES JADYN | G291: ANIMACION DIGITAL Y VIDEOJUEGOS | H291: 8vo | I291: Femenino | J291: Activo | K291: ANIM 8° | L291: 1
A292: LICENCIATURA | B292: JAIME EMMANUEL | C292: GUTIERREZ | D292: AVILA | E292: 109993 | F292: GUTIERREZ AVILA JAIME EMMANUEL | G292: INGENIERIA AEROESPACIAL | H292: 10mo | I292: Masculino | J292: Activo | K292: AERO_10° | L292: 1
A293: LICENCIATURA | B293: JAIME GABRIEL | C293: MUÑOZ | D293: SANDOVAL | E293: 111762 | F293: MUÑOZ SANDOVAL JAIME GABRIEL | G293: INGENIERIA AEROESPACIAL | H293: 4to | I293: Masculino | J293: Activo | K293: AERO 4°B | L293: 1
A294: LICENCIATURA | B294: JANETH | C294: QUESNEY | D294: CABRERA | E294: 111731 | F294: QUESNEY CABRERA JANETH | G294: ANIMACION DIGITAL Y VIDEOJUEGOS | H294: 4to | I294: Femenino | J294: Activo | K294: ANIM 4° | L294: 1
A295: LICENCIATURA | B295: JARED ESAU | C295: VALLADOLID | D295: GARCIA | E295: 112302 | F295: VALLADOLID GARCIA JARED ESAU | G295: INGENIERIA AEROESPACIAL | H295: 2do | I295: Masculino | J295: Activo | K295: AERO 2°A | L295: 1
A296: LICENCIATURA | B296: JAVIER | C296: AYALA | D296: ESPARZA | E296: 111171 | F296: AYALA ESPARZA JAVIER | G296: INGENIERÍA AUTOMOTRIZ | H296: 6to | I296: Masculino | J296: Activo | K296: AUTO 6° | L296: 1
A297: LICENCIATURA | B297: JAVIER | C297: HERNANDEZ | D297: RENDON | E297: 110442 | F297: HERNANDEZ RENDON JAVIER | G297: PSICOLOGIA | H297: 8vo | I297: Masculino | J297: Activo | K297: PSI 8° | L297: 1
A298: LICENCIATURA | B298: JAVIER ALEJANDRO | C298: CORONA | D298: HERNANDEZ | E298: 112189 | F298: CORONA HERNANDEZ JAVIER ALEJANDRO | G298: INGENIERÍA AUTOMOTRIZ | H298: 2do | I298: Masculino | J298: Activo | K298: AUTO 2° B | L298: 1
A299: LICENCIATURA | B299: JAVIER ANDRES | C299: ARIAS | D299: ESCOBAR | E299: 111330 | F299: ARIAS ESCOBAR JAVIER ANDRES | G299: ANIMACION DIGITAL Y VIDEOJUEGOS | H299: 4to | I299: Masculino | J299: Activo | K299: ANIM 4° | L299: 1
A300: LICENCIATURA | B300: JAVIER ANTONIO | C300: MARISCAL | D300: REYES | E300: 111613 | F300: MARISCAL REYES JAVIER ANTONIO | G300: INGENIERIA AEROESPACIAL | H300: 4to | I300: Masculino | J300: Activo | K300: AERO 4°B | L300: 1
A301: LICENCIATURA | B301: JAVIER EDUARDO | C301: AGUILAR | D301: LUGO | E301: 109958 | F301: AGUILAR LUGO JAVIER EDUARDO | G301: INGENIERIA AEROESPACIAL | H301: 10mo | I301: Masculino | J301: Activo | K301: AERO_10° | L301: 1
... A377: LICENCIATURA | B377: KARLA MICHELLE | C377: MACIAS | D377: ONTIVEROS | E377: 110644 | F377: MACIAS ONTIVEROS KARLA MICHELLE | G377: ADMINISTRACION Y DIRECCION DE NEGOCIOS | H377: 8vo | I377: Femenino | J377: Bloqueado | K377: ADMON 8° | L377: 1
A378: LICENCIATURA | B378: KARLA VALERIA | C378: BAUTISTA | D378: HERNANDEZ | E378: 007449 | F378: BAUTISTA HERNANDEZ KARLA VALERIA | G378: NUTRICION Y GASTRONOMIA | H378: 9no | I378: Femenino | J378: Activo | L378: 1
A379: LICENCIATURA | B379: KAROL GUADALUPE | C379: SANDOVAL | D379: VEGA | E379: 112172 | F379: SANDOVAL VEGA KAROL GUADALUPE | G379: PSICOLOGIA | H379: 2do | I379: Femenino | J379: Activo | K379: PSI 2° | L379: 1
A380: LICENCIATURA | B380: KAROL NICOLAS | C380: MEJIA | D380: GARCIA | E380: 112292 | F380: MEJIA GARCIA KAROL NICOLAS | G380: INGENIERÍA AUTOMOTRIZ | H380: 2do | I380: Masculino | J380: Activo | K380: AUTO 2° B | L380: 1
A381: LICENCIATURA | B381: KATIA | C381: PALMA | D381: LOPEZ | E381: 111744 | F381: PALMA LOPEZ KATIA | G381: INGENIERÍA AUTOMOTRIZ | H381: 4to | I381: Femenino | J381: Activo | K381: AUTO 4° | L381: 1
A382: LICENCIATURA | B382: KENNIA GUADALUPE | C382: AGUILAR | D382: CALLEJAS | E382: 111129 | F382: AGUILAR CALLEJAS KENNIA GUADALUPE | G382: ANIMACION DIGITAL Y VIDEOJUEGOS | H382: 6to | I382: Femenino | J382: Activo | K382: ANIM 6° | L382: 1
A383: LICENCIATURA | B383: KEVIN | C383: VILLALOBOS | D383: MENDOZA | E383: 111797 | F383: VILLALOBOS MENDOZA KEVIN | G383: INGENIERÍA AUTOMOTRIZ | H383: 4to | I383: Masculino | J383: Activo | K383: AUTO 4° | L383: 1
A384: LICENCIATURA | B384: KEVIN CARLOS | C384: SANCHEZ | D384: REYES | E384: 111658 | F384: SANCHEZ REYES KEVIN CARLOS | G384: INGENIERÍA AUTOMOTRIZ | H384: 4to | I384: Masculino | J384: Activo | K384: AUTO 4° | L384: 1
A385: LICENCIATURA | B385: KEVIN EMMANUEL | C385: HERNANDEZ | D385: QUEZADA | E385: 111615 | F385: HERNANDEZ QUEZADA KEVIN EMMANUEL | G385: INGENIERIA AEROESPACIAL | H385: 4to | I385: Masculino | J385: Activo | K385: AERO 4°B | L385: 1
A386: LICENCIATURA | B386: KEVIN JOSUE | C386: MORA | D386: ZEPEDA | E386: 111842 | F386: MORA ZEPEDA KEVIN JOSUE | G386: ADMINISTRACION Y DIRECCION DE NEGOCIOS | H386: 4to | I386: Masculino | J386: Activo | K386: ADMON 4° | L386: 1
A387: LICENCIATURA | B387: KEVIN MATTHEW | C387: VAZQUEZ | D387: ECHEAGARAY | E387: 112280 | F387: VAZQUEZ ECHEAGARAY KEVIN MATTHEW | G387: INGENIERIA AEROESPACIAL | H387: 2do | I387: Masculino | J387: Activo | K387: AERO 2°B | L387: 1
A388: LICENCIATURA | B388: KEVIN RAMON | C388: COLDIVAR | D388: FLORES | E388: 110422 | F388: COLDIVAR FLORES KEVIN RAMON | G388: ANIMACION DIGITAL Y VIDEOJUEGOS | H388: 8vo | I388: Masculino | J388: Activo | K388: ANIM 8° | L388: 1
A389: LICENCIATURA | B389: KEVIN RODRIGO PASCAL | C389: ESTRADA | D389: BAUTISTA | E389: 110452 | F389: ESTRADA BAUTISTA KEVIN RODRIGO PASCAL | G389: INGENIERIA AEROESPACIAL | H389: 8vo | I389: Masculino | J389: Activo | K389: AERO 8° | L389: 1
A390: LICENCIATURA | B390: KIARA MAUREEN | C390: SOLORZANO | D390: GARCIA | E390: 111622 | F390: SOLORZANO GARCIA KIARA MAUREEN | G390: ANIMACION DIGITAL Y VIDEOJUEGOS | H390: 4to | I390: Femenino | J390: Activo | K390: ANIM 4° | L390: 1
... A475: LICENCIATURA | B475: MICHELLE CAROLINA | C475: OCHOA | D475: GONZALEZ | E475: 111189 | F475: OCHOA GONZALEZ MICHELLE CAROLINA | G475: ARQUITECTURA | H475: 6to | I475: Femenino | J475: Activo | K475: ARQ 6° | L475: 1
A476: LICENCIATURA | B476: MIGUEL | C476: DELGADO | E476: 111610 | F476: DELGADO MIGUEL | G476: INGENIERIA AEROESPACIAL | H476: 4to | I476: Masculino | J476: Activo | K476: AERO 4°A | L476: 1
A477: LICENCIATURA | B477: MIGUEL ANGEL | C477: NUÑO | D477: ARANA | E477: 112236 | F477: NUÑO ARANA MIGUEL ANGEL | G477: INGENIERÍA EN INTELIGENCIA ARTIFICIAL | H477: 2do | I477: Masculino | J477: Activo | K477: IA 2° | L477: 1
A478: LICENCIATURA | B478: MIGUEL ANGEL SNAYDER | C478: RUIZ | D478: GAMARRA | E478: 112251 | F478: RUIZ GAMARRA MIGUEL ANGEL SNAYDER | G478: ANIMACION DIGITAL Y VIDEOJUEGOS | H478: 2do | I478: Masculino | J478: Activo | K478: ANIM 2° | L478: 1
A479: LICENCIATURA | B479: MIRANDA CAROLINA | C479: LOPEZ | D479: VARGAS | E479: 111746 | F479: LOPEZ VARGAS MIRANDA CAROLINA | G479: INGENIERIA AEROESPACIAL | H479: 4to | I479: Femenino | J479: Activo | K479: AERO 4°A | L479: 1
A480: LICENCIATURA | B480: MIRIAM ALEJANDRA | C480: RODRIGUEZ | D480: MARTINEZ | E480: 111824 | F480: RODRIGUEZ MARTINEZ MIRIAM ALEJANDRA | G480: NUTRICION Y GASTRONOMIA | H480: 4to | I480: Femenino | J480: Activo | K480: NUT 4° | L480: 1
A481: LICENCIATURA | B481: MONICA ALEJANDRA | C481: GONZALEZ | D481: BLANCO | E481: 007662 | F481: GONZALEZ BLANCO MONICA ALEJANDRA | G481: ANIMACION DIGITAL Y VIDEOJUEGOS | H481: 6to | I481: Femenino | J481: Activo | K481: ANIM 6° | L481: 1
A482: LICENCIATURA | B482: MONTSERRAT | C482: HERRERA | D482: DUEÑAS | E482: 110443 | F482: HERRERA DUEÑAS MONTSERRAT | G482: PSICOLOGIA | H482: 8vo | I482: Femenino | J482: Activo | K482: PSI 8° | L482: 1
A483: LICENCIATURA | B483: MONTSERRAT | C483: MIRANDA | D483: DIAZ | E483: 110426 | F483: MIRANDA DIAZ MONTSERRAT | G483: ANIMACION DIGITAL Y VIDEOJUEGOS | H483: 8vo | I483: Femenino | J483: Activo | K483: ANIM 8° | L483: 1
A484: LICENCIATURA | B484: MYRIAM SOFIA | C484: ESQUIVEL | D484: ENCARNACION | E484: 111028 | F484: ESQUIVEL ENCARNACION MYRIAM SOFIA | G484: ARQUITECTURA | H484: 6to | I484: Femenino | J484: Activo | K484: ARQ 6° | L484: 1
A485: LICENCIATURA | B485: NAOMI DANAI | C485: RAMIREZ | D485: HIDALGO | E485: 112167 | F485: RAMIREZ HIDALGO NAOMI DANAI | G485: ARQUITECTURA | H485: 2do | I485: Femenino | J485: Activo | K485: ARQ 2° | L485: 1
A486: LICENCIATURA | B486: NAOMI JIMENA | C486: HERNANDEZ | D486: GARCIA | E486: 110645 | F486: HERNANDEZ GARCIA NAOMI JIMENA | G486: PSICOLOGIA | H486: 8vo | I486: Femenino | J486: Activo | K486: PSI 8° | L486: 1
A487: LICENCIATURA | B487: NATALIA | C487: ESQUER | D487: QUINTANILLA | E487: 111122 | F487: ESQUER QUINTANILLA NATALIA | G487: NUTRICION Y GASTRONOMIA | H487: 6to | I487: Femenino | J487: Activo | K487: NUT 6° | L487: 1
A488: LICENCIATURA | B488: NATALIA | C488: IZQUIERDO | D488: MARTINEZ | E488: 111063 | F488: IZQUIERDO MARTINEZ NATALIA | G488: ANIMACION DIGITAL Y VIDEOJUEGOS | H488: 6to | I488: Femenino | J488: Activo | K488: ANIM 6° | L488: 1
... A497: LICENCIATURA | B497: NOEMI JOCELYN | C497: GONZALEZ | D497: AGUIRRE | E497: 110463 | F497: GONZALEZ AGUIRRE NOEMI JOCELYN | G497: MERCADOTECNIA Y PUBLICIDAD | H497: 8vo | I497: Femenino | J497: Activo | K497: MKT 8° | L497: 1
A498: LICENCIATURA | B498: NOZOMI | C498: SAKODA | E498: 112234 | F498: SAKODA NOZOMI | G498: INGENIERIA AEROESPACIAL | H498: 2do | I498: Femenino | J498: Activo | K498: AERO 2°B | L498: 1
A499: LICENCIATURA | B499: OLIVER | C499: ROCHA | D499: GARCIA | E499: 111788 | F499: ROCHA GARCIA OLIVER | G499: PSICOLOGIA | H499: 4to | I499: Masculino | J499: Activo | K499: PSI 4° | L499: 1
A500: LICENCIATURA | B500: OMAR | C500: RIOS | D500: LARA | E500: 112245 | F500: RIOS LARA OMAR | G500: INGENIERÍA AUTOMOTRIZ | H500: 2do | I500: Masculino | J500: Activo | K500: AUTO 2° A | L500: 1
A501: LICENCIATURA | B501: ORLANDO BARU | C501: MUÑOZ | D501: RODRIGUEZ | E501: 111168 | F501: MUÑOZ RODRIGUEZ ORLANDO BARU | G501: INGENIERÍA AUTOMOTRIZ | H501: 6to | I501: Masculino | J501: Activo | K501: AUTO 6° | L501: 1
A502: LICENCIATURA | B502: OSCAR | C502: GOMEZ | D502: GONZALEZ | E502: 109834 | F502: GOMEZ GONZALEZ OSCAR | G502: INGENIERIA AEROESPACIAL | H502: 10mo | I502: Masculino | J502: Activo | K502: AERO_10° | L502: 1
A503: LICENCIATURA | B503: OSCAR ALFREDO | C503: RAMIREZ | D503: RAMOS | E503: 112316 | F503: RAMIREZ RAMOS OSCAR ALFREDO | G503: PSICOLOGIA | H503: 2do | I503: Masculino | J503: Activo | K503: PSI 2° | L503: 1
A504: LICENCIATURA | B504: OSCAR ANDRES | C504: GUZMAN | D504: VAZQUEZ | E504: 112184 | F504: GUZMAN VAZQUEZ OSCAR ANDRES | G504: INGENIERIA AEROESPACIAL | H504: 2do | I504: Masculino | J504: Activo | K504: AERO 2°A | L504: 1
A505: LICENCIATURA | B505: OSCAR DANIEL | C505: TIBURCIO | D505: FABIAN | E505: 110482 | F505: TIBURCIO FABIAN OSCAR DANIEL | G505: INGENIERIA AEROESPACIAL | H505: 8vo | I505: Masculino | J505: Activo | K505: AERO 8° | L505: 1
A506: LICENCIATURA | B506: OSCAR DANIEL | C506: TINOCO | D506: AVILA | E506: 110450 | F506: TINOCO AVILA OSCAR DANIEL | G506: INGENIERIA AEROESPACIAL | H506: 8vo | I506: Masculino | J506: Activo | K506: AERO 8° | L506: 1
A507: LICENCIATURA | B507: OSCAR DIEGO | C507: VELAZQUEZ | D507: REYES | E507: 110432 | F507: VELAZQUEZ REYES OSCAR DIEGO | G507: ARQUITECTURA | H507: 8vo | I507: Masculino | J507: Activo | K507: ARQ 8° | L507: 1
A508: LICENCIATURA | B508: OSCAR EMILIO | C508: CAYO | D508: DIAZ | E508: 111049 | F508: CAYO DIAZ OSCAR EMILIO | G508: ADMINISTRACION Y DIRECCION DE NEGOCIOS | H508: 6to | I508: Masculino | J508: Activo | K508: ADMON 6° | L508: 1
A509: LICENCIATURA | B509: OSCAR HIRAM | C509: OLIVA | D509: RODRIGUEZ | E509: 112283 | F509: OLIVA RODRIGUEZ OSCAR HIRAM | G509: ADMINISTRACION Y DIRECCION DE NEGOCIOS | H509: 2do | I509: Masculino | J509: Activo | K509: ADMON 2° | L509: 1
A510: LICENCIATURA | B510: OSCAR ISRAEL | C510: VAZQUEZ | D510: MUÑOZ | E510: 112210 | F510: VAZQUEZ MUÑOZ OSCAR ISRAEL | G510: ADMINISTRACION Y DIRECCION DE NEGOCIOS | H510: 2do | I510: Masculino | J510: Activo | K510: ADMON 2° | L510: 1
... A536: LICENCIATURA | B536: PERLA BEATRIZ | C536: AVILES | D536: BRETADO | E536: 111760 | F536: AVILES BRETADO PERLA BEATRIZ | G536: PSICOLOGIA | H536: 4to | I536: Femenino | J536: Activo | K536: PSI 4° | L536: 1
A537: LICENCIATURA | B537: RAFAEL VALENTIN | C537: LARA | E537: 112272 | F537: LARA RAFAEL VALENTIN | G537: INGENIERÍA AUTOMOTRIZ | H537: 2do | I537: Masculino | J537: Activo | K537: AUTO 2° A | L537: 1
A538: LICENCIATURA | B538: REGINA | C538: LOPEZ | D538: ALVAREZ | E538: 111767 | F538: LOPEZ ALVAREZ REGINA | G538: ARQUITECTURA | H538: 4to | I538: Femenino | J538: Activo | K538: ARQ 4° | L538: 1
...

Sheet Alumnos
A1: Nivel | B1: Nombre Alumno | C1: A. Paterno Alumno | D1: A. Materno Alumno | E1: Correo | F1: Matrícula | G1: clave | H1: Nombre | I1: Carrera | J1: Grado | K1: Sexo | L1: Situación | M1: Grupo
A2: LICENCIATURA | B2: ABBY DESSIRE | C2: PELAYO | D2: DIAZ | E2: abbydessire.pelayodiaz | F2: =CONCATENATE("'",Sheet!E2) -> '111772 | G2: TOMAR DEL SND | H2: =Sheet!F2 -> PELAYO DIAZ ABBY DESSIRE | I2: =Sheet!G2 -> NUTRICION Y GASTRONOMIA | J2: =Sheet!H2 -> 4to | K2: =Sheet!I2 -> Femenino | L2: =Sheet!J2 -> Activo | M2: =Sheet!K2 -> NUT 4°
A3: LICENCIATURA | B3: ABIGAIL | C3: MENDOZA | D3: VILLELA | E3: abigail.mendozavillela | F3: =CONCATENATE("'",Sheet!E3) -> '112156 | G3: TOMAR DEL SND | H3: =Sheet!F3 -> MENDOZA VILLELA ABIGAIL | I3: =Sheet!G3 -> PSICOLOGIA | J3: =Sheet!H3 -> 2do | K3: =Sheet!I3 -> Femenino | L3: =Sheet!J3 -> Activo | M3: =Sheet!K3 -> PSI 2°
A4: LICENCIATURA | B4: ABRIL ISABELLA | C4: GODOY | D4: FLORES | E4: abrilisabella.godoyflores | F4: =CONCATENATE("'",Sheet!E4) -> '111103 | G4: TOMAR DEL SND | H4: =Sheet!F4 -> GODOY FLORES ABRIL ISABELLA | I4: =Sheet!G4 -> INGENIERIA CIBERNETICA Y EN SISTEMAS COMPUTACIONALES | J4: =Sheet!H4 -> 6to | K4: =Sheet!I4 -> Femenino | L4: =Sheet!J4 -> Activo | M4: =Sheet!K4 -> CIB 6°
A5: LICENCIATURA | B5: ADAN OSWALDO | C5: SANDOVAL | D5: CARDENAS | E5: adanoswaldo.sandovalcardenas | F5: =CONCATENATE("'",Sheet!E5) -> '111031 | G5: TOMAR DEL SND | H5: =Sheet!F5 -> SANDOVAL CARDENAS ADAN OSWALDO | I5: =Sheet!G5 -> INGENIERIA AEROESPACIAL | J5: =Sheet!H5 -> 6to | K5: =Sheet!I5 -> Masculino | L5: =Sheet!J5 -> Activo | M5: =Sheet!K5 -> AERO 6°
A6: LICENCIATURA | B6: ADIB KALEB | C6: GONZALEZ | D6: TOSCANO | E6: adibkaleb.gonzaleztoscano | F6: =CONCATENATE("'",Sheet!E6) -> '110517 | G6: TOMAR DEL SND | H6: =Sheet!F6 -> GONZALEZ TOSCANO ADIB KALEB | I6: =Sheet!G6 -> INGENIERIA AEROESPACIAL | J6: =Sheet!H6 -> 8vo | K6: =Sheet!I6 -> Masculino | L6: =Sheet!J6 -> Activo | M6: =Sheet!K6 -> AERO 8°
A7: LICENCIATURA | B7: ADOLFO ALEXANDER | C7: VEGA | D7: RUELAS | E7: adolfoalexander.vegaruelas | F7: =CONCATENATE("'",Sheet!E7) -> '112194 | G7: TOMAR DEL SND | H7: =Sheet!F7 -> VEGA RUELAS ADOLFO ALEXANDER | I7: =Sheet!G7 -> INGENIERÍA AUTOMOTRIZ | J7: =Sheet!H7 -> 2do | K7: =Sheet!I7 -> Masculino | L7: =Sheet!J7 -> Activo | M7: =Sheet!K7 -> AUTO 2° A
A8: LICENCIATURA | B8: ADRIAN | C8: ESQUEDA | D8: MACIAS | E8: adrian.esquedamacias | F8: =CONCATENATE("'",Sheet!E8) -> '109814 | G8: TOMAR DEL SND | H8: =Sheet!F8 -> ESQUEDA MACIAS ADRIAN | I8: =Sheet!G8 -> INGENIERIA AEROESPACIAL | J8: =Sheet!H8 -> 10mo | K8: =Sheet!I8 -> Masculino | L8: =Sheet!J8 -> Activo | M8: =Sheet!K8 -> AERO_10°
A9: LICENCIATURA | B9: ADRIAN | C9: JAIME | D9: OJEDA | E9: adrian.jaimeojeda | F9: =CONCATENATE("'",Sheet!E9) -> '111784 | G9: TOMAR DEL SND | H9: =Sheet!F9 -> JAIME OJEDA ADRIAN | I9: =Sheet!G9 -> INGENIERÍA AUTOMOTRIZ | J9: =Sheet!H9 -> 4to | K9: =Sheet!I9 -> Masculino | L9: =Sheet!J9 -> Activo | M9: =Sheet!K9 -> AUTO 4°
A10: LICENCIATURA | B10: ADRIAN ASSIS | C10: TAPIA | D10: CORRIPIO | E10: adrianassis.tapiacorripio | F10: =CONCATENATE("'",Sheet!E10) -> '109374 | G10: TOMAR DEL SND | H10: =Sheet!F10 -> TAPIA CORRIPIO ADRIAN ASSIS | I10: =Sheet!G10 -> INGENIERIA AEROESPACIAL | J10: =Sheet!H10 -> 6to | K10: =Sheet!I10 -> Masculino | L10: =Sheet!J10 -> Activo | M10: =Sheet!K10 -> AERO 6°
A11: LICENCIATURA | B11: ADRIAN BRYANT | C11: VEGA | D11: CASTAÑEDA | E11: adrianbryant.vegacastaneda | F11: =CONCATENATE("'",Sheet!E11) -> '111793 | G11: TOMAR DEL SND | H11: =Sheet!F11 -> VEGA CASTAÑEDA ADRIAN BRYANT | I11: =Sheet!G11 -> PSICOLOGIA | J11: =Sheet!H11 -> 4to | K11: =Sheet!I11 -> Masculino | L11: =Sheet!J11 -> Activo | M11: =Sheet!K11 -> PSI 4°
A12: LICENCIATURA | B12: ADRIAN ENRIQUE | C12: MORALES | D12: ORTIZ | E12: adrianenrique.moralesortiz | F12: =CONCATENATE("'",Sheet!E12) -> '112223 | G12: TOMAR DEL SND | H12: =Sheet!F12 -> MORALES ORTIZ ADRIAN ENRIQUE | I12: =Sheet!G12 -> INGENIERIA AEROESPACIAL | J12: =Sheet!H12 -> 2do | K12: =Sheet!I12 -> Masculino | L12: =Sheet!J12 -> Activo | M12: =Sheet!K12 -> AERO 2°A
A13: LICENCIATURA | B13: ADRIANA | C13: AMARO | D13: BALTIERRA | E13: adriana.amarobaltierra | F13: =CONCATENATE("'",Sheet!E13) -> '111068 | G13: TOMAR DEL SND | H13: =Sheet!F13 -> AMARO BALTIERRA ADRIANA | I13: =Sheet!G13 -> INGENIERIA AEROESPACIAL | J13: =Sheet!H13 -> 6to | K13: =Sheet!I13 -> Femenino | L13: =Sheet!J13 -> Activo | M13: =Sheet!K13 -> AERO 6°
... A288: LICENCIATURA | B288: JAAZIEL ALEJANDRO | C288: MORENO | D288: TOSCANO | E288: jaazielalejandro.morenotoscano | F288: =CONCATENATE("'",Sheet!E288) -> '110570 | G288: TOMAR DEL SND | H288: =Sheet!F288 -> MORENO TOSCANO JAAZIEL ALEJANDRO | I288: =Sheet!G288 -> INGENIERIA AEROESPACIAL | J288: =Sheet!H288 -> 8vo | K288: =Sheet!I288 -> Masculino | L288: =Sheet!J288 -> Activo | M288: =Sheet!K288 -> AERO 8°
A289: LICENCIATURA | B289: JACKELINE | C289: HERNANDEZ | E289: jackeline.hernandez | F289: =CONCATENATE("'",Sheet!E289) -> '111213 | G289: TOMAR DEL SND | H289: =Sheet!F289 -> HERNANDEZ JACKELINE | I289: =Sheet!G289 -> ARQUITECTURA | J289: =Sheet!H289 -> 6to | K289: =Sheet!I289 -> Femenino | L289: =Sheet!J289 -> Activo | M289: =Sheet!K289 -> ARQ 6°
A290: LICENCIATURA | B290: JACOBO | C290: NUÑEZ | D290: VEGA | E290: jacobo.nunezvega | F290: =CONCATENATE("'",Sheet!E290) -> '112211 | G290: TOMAR DEL SND | H290: =Sheet!F290 -> NUÑEZ VEGA JACOBO | I290: =Sheet!G290 -> INGENIERIA AEROESPACIAL | J290: =Sheet!H290 -> 2do | K290: =Sheet!I290 -> Masculino | L290: =Sheet!J290 -> Activo | M290: =Sheet!K290 -> AERO 2°B
A291: LICENCIATURA | B291: JADYN | C291: MEZA | D291: CORTES | E291: jadyn.mezacortes | F291: =CONCATENATE("'",Sheet!E291) -> '110425 | G291: TOMAR DEL SND | H291: =Sheet!F291 -> MEZA CORTES JADYN | I291: =Sheet!G291 -> ANIMACION DIGITAL Y VIDEOJUEGOS | J291: =Sheet!H291 -> 8vo | K291: =Sheet!I291 -> Femenino | L291: =Sheet!J291 -> Activo | M291: =Sheet!K291 -> ANIM 8°
A292: LICENCIATURA | B292: JAIME EMMANUEL | C292: GUTIERREZ | D292: AVILA | E292: jaimeemmanuel.gutierrezavila | F292: =CONCATENATE("'",Sheet!E292) -> '109993 | G292: TOMAR DEL SND | H292: =Sheet!F292 -> GUTIERREZ AVILA JAIME EMMANUEL | I292: =Sheet!G292 -> INGENIERIA AEROESPACIAL | J292: =Sheet!H292 -> 10mo | K292: =Sheet!I292 -> Masculino | L292: =Sheet!J292 -> Activo | M292: =Sheet!K292 -> AERO_10°
A293: LICENCIATURA | B293: JAIME GABRIEL | C293: MUÑOZ | D293: SANDOVAL | E293: jaimegabriel.munozsandoval | F293: =CONCATENATE("'",Sheet!E293) -> '111762 | G293: TOMAR DEL SND | H293: =Sheet!F293 -> MUÑOZ SANDOVAL JAIME GABRIEL | I293: =Sheet!G293 -> INGENIERIA AEROESPACIAL | J293: =Sheet!H293 -> 4to | K293: =Sheet!I293 -> Masculino | L293: =Sheet!J293 -> Activo | M293: =Sheet!K293 -> AERO 4°B
A294: LICENCIATURA | B294: JANETH | C294: QUESNEY | D294: CABRERA | E294: janeth.quesneycabrera | F294: =CONCATENATE("'",Sheet!E294) -> '111731 | G294: TOMAR DEL SND | H294: =Sheet!F294 -> QUESNEY CABRERA JANETH | I294: =Sheet!G294 -> ANIMACION DIGITAL Y VIDEOJUEGOS | J294: =Sheet!H294 -> 4to | K294: =Sheet!I294 -> Femenino | L294: =Sheet!J294 -> Activo | M294: =Sheet!K294 -> ANIM 4°
A295: LICENCIATURA | B295: JARED ESAU | C295: VALLADOLID | D295: GARCIA | E295: jaredesau.valladolidgarcia | F295: =CONCATENATE("'",Sheet!E295) -> '112302 | G295: TOMAR DEL SND | H295: =Sheet!F295 -> VALLADOLID GARCIA JARED ESAU | I295: =Sheet!G295 -> INGENIERIA AEROESPACIAL | J295: =Sheet!H295 -> 2do | K295: =Sheet!I295 -> Masculino | L295: =Sheet!J295 -> Activo | M295: =Sheet!K295 -> AERO 2°A
A296: LICENCIATURA | B296: JAVIER | C296: AYALA | D296: ESPARZA | E296: javier.ayalaesparza | F296: =CONCATENATE("'",Sheet!E296) -> '111171 | G296: TOMAR DEL SND | H296: =Sheet!F296 -> AYALA ESPARZA JAVIER | I296: =Sheet!G296 -> INGENIERÍA AUTOMOTRIZ | J296: =Sheet!H296 -> 6to | K296: =Sheet!I296 -> Masculino | L296: =Sheet!J296 -> Activo | M296: =Sheet!K296 -> AUTO 6°
A297: LICENCIATURA | B297: JAVIER | C297: HERNANDEZ | D297: RENDON | E297: javier.hernandezrendon | F297: =CONCATENATE("'",Sheet!E297) -> '110442 | G297: TOMAR DEL SND | H297: =Sheet!F297 -> HERNANDEZ RENDON JAVIER | I297: =Sheet!G297 -> PSICOLOGIA | J297: =Sheet!H297 -> 8vo | K297: =Sheet!I297 -> Masculino | L297: =Sheet!J297 -> Activo | M297: =Sheet!K297 -> PSI 8°
A298: LICENCIATURA | B298: JAVIER ALEJANDRO | C298: CORONA | D298: HERNANDEZ | E298: javieralejandro.coronahernandez | F298: =CONCATENATE("'",Sheet!E298) -> '112189 | G298: TOMAR DEL SND | H298: =Sheet!F298 -> CORONA HERNANDEZ JAVIER ALEJANDRO | I298: =Sheet!G298 -> INGENIERÍA AUTOMOTRIZ | J298: =Sheet!H298 -> 2do | K298: =Sheet!I298 -> Masculino | L298: =Sheet!J298 -> Activo | M298: =Sheet!K298 -> AUTO 2° B
A299: LICENCIATURA | B299: JAVIER ANDRES | C299: ARIAS | D299: ESCOBAR | E299: javierandres.ariasescobar | F299: =CONCATENATE("'",Sheet!E299) -> '111330 | G299: TOMAR DEL SND | H299: =Sheet!F299 -> ARIAS ESCOBAR JAVIER ANDRES | I299: =Sheet!G299 -> ANIMACION DIGITAL Y VIDEOJUEGOS | J299: =Sheet!H299 -> 4to | K299: =Sheet!I299 -> Masculino | L299: =Sheet!J299 -> Activo | M299: =Sheet!K299 -> ANIM 4°
A300: LICENCIATURA | B300: JAVIER ANTONIO | C300: MARISCAL | D300: REYES | E300: javierantonio.mariscalreyes | F300: =CONCATENATE("'",Sheet!E300) -> '111613 | G300: TOMAR DEL SND | H300: =Sheet!F300 -> MARISCAL REYES JAVIER ANTONIO | I300: =Sheet!G300 -> INGENIERIA AEROESPACIAL | J300: =Sheet!H300 -> 4to | K300: =Sheet!I300 -> Masculino | L300: =Sheet!J300 -> Activo | M300: =Sheet!K300 -> AERO 4°B
A301: LICENCIATURA | B301: JAVIER EDUARDO | C301: AGUILAR | D301: LUGO | E301: javiereduardo.aguilarlugo | F301: =CONCATENATE("'",Sheet!E301) -> '109958 | G301: TOMAR DEL SND | H301: =Sheet!F301 -> AGUILAR LUGO JAVIER EDUARDO | I301: =Sheet!G301 -> INGENIERIA AEROESPACIAL | J301: =Sheet!H301 -> 10mo | K301: =Sheet!I301 -> Masculino | L301: =Sheet!J301 -> Activo | M301: =Sheet!K301 -> AERO_10°
... A475: LICENCIATURA | B475: MICHELLE CAROLINA | C475: OCHOA | D475: GONZALEZ | E475: michellecarolina.ochoagonzalez | F475: =CONCATENATE("'",Sheet!E475) -> '111189 | G475: TOMAR DEL SND | H475: =Sheet!F475 -> OCHOA GONZALEZ MICHELLE CAROLINA | I475: =Sheet!G475 -> ARQUITECTURA | J475: =Sheet!H475 -> 6to | K475: =Sheet!I475 -> Femenino | L475: =Sheet!J475 -> Activo | M475: =Sheet!K475 -> ARQ 6°
A476: LICENCIATURA | B476: MIGUEL | C476: DELGADO | E476: miguel.delgado | F476: =CONCATENATE("'",Sheet!E476) -> '111610 | G476: TOMAR DEL SND | H476: =Sheet!F476 -> DELGADO MIGUEL | I476: =Sheet!G476 -> INGENIERIA AEROESPACIAL | J476: =Sheet!H476 -> 4to | K476: =Sheet!I476 -> Masculino | L476: =Sheet!J476 -> Activo | M476: =Sheet!K476 -> AERO 4°A
A477: LICENCIATURA | B477: MIGUEL ANGEL | C477: NUÑO | D477: ARANA | E477: miguelangel.nunoarana | F477: =CONCATENATE("'",Sheet!E477) -> '112236 | G477: TOMAR DEL SND | H477: =Sheet!F477 -> NUÑO ARANA MIGUEL ANGEL | I477: =Sheet!G477 -> INGENIERÍA EN INTELIGENCIA ARTIFICIAL | J477: =Sheet!H477 -> 2do | K477: =Sheet!I477 -> Masculino | L477: =Sheet!J477 -> Activo | M477: =Sheet!K477 -> IA 2°
A478: LICENCIATURA | B478: MIGUEL ANGEL SNAYDER | C478: RUIZ | D478: GAMARRA | E478: miguelangelsnayder.ruizgamarra | F478: =CONCATENATE("'",Sheet!E478) -> '112251 | G478: TOMAR DEL SND | H478: =Sheet!F478 -> RUIZ GAMARRA MIGUEL ANGEL SNAYDER | I478: =Sheet!G478 -> ANIMACION DIGITAL Y VIDEOJUEGOS | J478: =Sheet!H478 -> 2do | K478: =Sheet!I478 -> Masculino | L478: =Sheet!J478 -> Activo | M478: =Sheet!K478 -> ANIM 2°
A479: LICENCIATURA | B479: MIRANDA CAROLINA | C479: LOPEZ | D479: VARGAS | E479: mirandacarolina.lopezvargas | F479: =CONCATENATE("'",Sheet!E479) -> '111746 | G479: TOMAR DEL SND | H479: =Sheet!F479 -> LOPEZ VARGAS MIRANDA CAROLINA | I479: =Sheet!G479 -> INGENIERIA AEROESPACIAL | J479: =Sheet!H479 -> 4to | K479: =Sheet!I479 -> Femenino | L479: =Sheet!J479 -> Activo | M479: =Sheet!K479 -> AERO 4°A
A480: LICENCIATURA | B480: MIRIAM ALEJANDRA | C480: RODRIGUEZ | D480: MARTINEZ | E480: miriamalejandra.rodriguezmartinez | F480: =CONCATENATE("'",Sheet!E480) -> '111824 | G480: TOMAR DEL SND | H480: =Sheet!F480 -> RODRIGUEZ MARTINEZ MIRIAM ALEJANDRA | I480: =Sheet!G480 -> NUTRICION Y GASTRONOMIA | J480: =Sheet!H480 -> 4to | K480: =Sheet!I480 -> Femenino | L480: =Sheet!J480 -> Activo | M480: =Sheet!K480 -> NUT 4°
A481: LICENCIATURA | B481: MONICA ALEJANDRA | C481: GONZALEZ | D481: BLANCO | E481: monicaalejandra.gonzalezblanco | F481: =CONCATENATE("'",Sheet!E481) -> '007662 | G481: TOMAR DEL SND | H481: =Sheet!F481 -> GONZALEZ BLANCO MONICA ALEJANDRA | I481: =Sheet!G481 -> ANIMACION DIGITAL Y VIDEOJUEGOS | J481: =Sheet!H481 -> 6to | K481: =Sheet!I481 -> Femenino | L481: =Sheet!J481 -> Activo | M481: =Sheet!K481 -> ANIM 6°
A482: LICENCIATURA | B482: MONTSERRAT | C482: HERRERA | D482: DUEÑAS | E482: montserrat.herreraduenas | F482: =CONCATENATE("'",Sheet!E482) -> '110443 | G482: TOMAR DEL SND | H482: =Sheet!F482 -> HERRERA DUEÑAS MONTSERRAT | I482: =Sheet!G482 -> PSICOLOGIA | J482: =Sheet!H482 -> 8vo | K482: =Sheet!I482 -> Femenino | L482: =Sheet!J482 -> Activo | M482: =Sheet!K482 -> PSI 8°
A483: LICENCIATURA | B483: MONTSERRAT | C483: MIRANDA | D483: DIAZ | E483: montserrat.mirandadiaz | F483: =CONCATENATE("'",Sheet!E483) -> '110426 | G483: TOMAR DEL SND | H483: =Sheet!F483 -> MIRANDA DIAZ MONTSERRAT | I483: =Sheet!G483 -> ANIMACION DIGITAL Y VIDEOJUEGOS | J483: =Sheet!H483 -> 8vo | K483: =Sheet!I483 -> Femenino | L483: =Sheet!J483 -> Activo | M483: =Sheet!K483 -> ANIM 8°
A484: LICENCIATURA | B484: MYRIAM SOFIA | C484: ESQUIVEL | D484: ENCARNACION | E484: myriamsofia.esquivelencarnacion | F484: =CONCATENATE("'",Sheet!E484) -> '111028 | G484: TOMAR DEL SND | H484: =Sheet!F484 -> ESQUIVEL ENCARNACION MYRIAM SOFIA | I484: =Sheet!G484 -> ARQUITECTURA | J484: =Sheet!H484 -> 6to | K484: =Sheet!I484 -> Femenino | L484: =Sheet!J484 -> Activo | M484: =Sheet!K484 -> ARQ 6°
A485: LICENCIATURA | B485: NAOMI DANAI | C485: RAMIREZ | D485: HIDALGO | E485: naomidanai.ramirezhidalgo | F485: =CONCATENATE("'",Sheet!E485) -> '112167 | G485: TOMAR DEL SND | H485: =Sheet!F485 -> RAMIREZ HIDALGO NAOMI DANAI | I485: =Sheet!G485 -> ARQUITECTURA | J485: =Sheet!H485 -> 2do | K485: =Sheet!I485 -> Femenino | L485: =Sheet!J485 -> Activo | M485: =Sheet!K485 -> ARQ 2°
A486: LICENCIATURA | B486: NAOMI JIMENA | C486: HERNANDEZ | D486: GARCIA | E486: naomijimena.hernandezgarcia | F486: =CONCATENATE("'",Sheet!E486) -> '110645 | G486: TOMAR DEL SND | H486: =Sheet!F486 -> HERNANDEZ GARCIA NAOMI JIMENA | I486: =Sheet!G486 -> PSICOLOGIA | J486: =Sheet!H486 -> 8vo | K486: =Sheet!I486 -> Femenino | L486: =Sheet!J486 -> Activo | M486: =Sheet!K486 -> PSI 8°
A487: LICENCIATURA | B487: NATALIA | C487: ESQUER | D487: QUINTANILLA | E487: natalia.esquerquintanilla | F487: =CONCATENATE("'",Sheet!E487) -> '111122 | G487: TOMAR DEL SND | H487: =Sheet!F487 -> ESQUER QUINTANILLA NATALIA | I487: =Sheet!G487 -> NUTRICION Y GASTRONOMIA | J487: =Sheet!H487 -> 6to | K487: =Sheet!I487 -> Femenino | L487: =Sheet!J487 -> Activo | M487: =Sheet!K487 -> NUT 6°
A488: LICENCIATURA | B488: NATALIA | C488: IZQUIERDO | D488: MARTINEZ | E488: natalia.izquierdomartinez | F488: =CONCATENATE("'",Sheet!E488) -> '111063 | G488: TOMAR DEL SND | H488: =Sheet!F488 -> IZQUIERDO MARTINEZ NATALIA | I488: =Sheet!G488 -> ANIMACION DIGITAL Y VIDEOJUEGOS | J488: =Sheet!H488 -> 6to | K488: =Sheet!I488 -> Femenino | L488: =Sheet!J488 -> Activo | M488: =Sheet!K488 -> ANIM 6°
... A497: LICENCIATURA | B497: NOEMI JOCELYN | C497: GONZALEZ | D497: AGUIRRE | E497: noemijocelyn.gonzalezaguirre | F497: =CONCATENATE("'",Sheet!E497) -> '110463 | G497: TOMAR DEL SND | H497: =Sheet!F497 -> GONZALEZ AGUIRRE NOEMI JOCELYN | I497: =Sheet!G497 -> MERCADOTECNIA Y PUBLICIDAD | J497: =Sheet!H497 -> 8vo | K497: =Sheet!I497 -> Femenino | L497: =Sheet!J497 -> Activo | M497: =Sheet!K497 -> MKT 8°
A498: LICENCIATURA | B498: NOZOMI | C498: SAKODA | E498: nozomi.sakoda | F498: =CONCATENATE("'",Sheet!E498) -> '112234 | G498: TOMAR DEL SND | H498: =Sheet!F498 -> SAKODA NOZOMI | I498: =Sheet!G498 -> INGENIERIA AEROESPACIAL | J498: =Sheet!H498 -> 2do | K498: =Sheet!I498 -> Femenino | L498: =Sheet!J498 -> Activo | M498: =Sheet!K498 -> AERO 2°B
A499: LICENCIATURA | B499: OLIVER | C499: ROCHA | D499: GARCIA | E499: oliver.rochagarcia | F499: =CONCATENATE("'",Sheet!E499) -> '111788 | G499: TOMAR DEL SND | H499: =Sheet!F499 -> ROCHA GARCIA OLIVER | I499: =Sheet!G499 -> PSICOLOGIA | J499: =Sheet!H499 -> 4to | K499: =Sheet!I499 -> Masculino | L499: =Sheet!J499 -> Activo | M499: =Sheet!K499 -> PSI 4°
A500: LICENCIATURA | B500: OMAR | C500: RIOS | D500: LARA | E500: omar.rioslara | F500: =CONCATENATE("'",Sheet!E500) -> '112245 | G500: TOMAR DEL SND | H500: =Sheet!F500 -> RIOS LARA OMAR | I500: =Sheet!G500 -> INGENIERÍA AUTOMOTRIZ | J500: =Sheet!H500 -> 2do | K500: =Sheet!I500 -> Masculino | L500: =Sheet!J500 -> Activo | M500: =Sheet!K500 -> AUTO 2° A
A501: LICENCIATURA | B501: ORLANDO BARU | C501: MUÑOZ | D501: RODRIGUEZ | E501: orlandobaru.munozrodriguez | F501: =CONCATENATE("'",Sheet!E501) -> '111168 | G501: TOMAR DEL SND | H501: =Sheet!F501 -> MUÑOZ RODRIGUEZ ORLANDO BARU | I501: =Sheet!G501 -> INGENIERÍA AUTOMOTRIZ | J501: =Sheet!H501 -> 6to | K501: =Sheet!I501 -> Masculino | L501: =Sheet!J501 -> Activo | M501: =Sheet!K501 -> AUTO 6°
A502: LICENCIATURA | B502: OSCAR | C502: GOMEZ | D502: GONZALEZ | E502: oscar.gomezgonzalez | F502: =CONCATENATE("'",Sheet!E502) -> '109834 | G502: TOMAR DEL SND | H502: =Sheet!F502 -> GOMEZ GONZALEZ OSCAR | I502: =Sheet!G502 -> INGENIERIA AEROESPACIAL | J502: =Sheet!H502 -> 10mo | K502: =Sheet!I502 -> Masculino | L502: =Sheet!J502 -> Activo | M502: =Sheet!K502 -> AERO_10°
A503: LICENCIATURA | B503: OSCAR ALFREDO | C503: RAMIREZ | D503: RAMOS | E503: oscaralfredo.ramirezramos | F503: =CONCATENATE("'",Sheet!E503) -> '112316 | G503: TOMAR DEL SND | H503: =Sheet!F503 -> RAMIREZ RAMOS OSCAR ALFREDO | I503: =Sheet!G503 -> PSICOLOGIA | J503: =Sheet!H503 -> 2do | K503: =Sheet!I503 -> Masculino | L503: =Sheet!J503 -> Activo | M503: =Sheet!K503 -> PSI 2°
A504: LICENCIATURA | B504: OSCAR ANDRES | C504: GUZMAN | D504: VAZQUEZ | E504: oscarandres.guzmanvazquez | F504: =CONCATENATE("'",Sheet!E504) -> '112184 | G504: TOMAR DEL SND | H504: =Sheet!F504 -> GUZMAN VAZQUEZ OSCAR ANDRES | I504: =Sheet!G504 -> INGENIERIA AEROESPACIAL | J504: =Sheet!H504 -> 2do | K504: =Sheet!I504 -> Masculino | L504: =Sheet!J504 -> Activo | M504: =Sheet!K504 -> AERO 2°A
A505: LICENCIATURA | B505: OSCAR DANIEL | C505: TIBURCIO | D505: FABIAN | E505: oscardaniel.tiburciofabian | F505: =CONCATENATE("'",Sheet!E505) -> '110482 | G505: TOMAR DEL SND | H505: =Sheet!F505 -> TIBURCIO FABIAN OSCAR DANIEL | I505: =Sheet!G505 -> INGENIERIA AEROESPACIAL | J505: =Sheet!H505 -> 8vo | K505: =Sheet!I505 -> Masculino | L505: =Sheet!J505 -> Activo | M505: =Sheet!K505 -> AERO 8°
A506: LICENCIATURA | B506: OSCAR DANIEL | C506: TINOCO | D506: AVILA | E506: oscardaniel.tinocoavila | F506: =CONCATENATE("'",Sheet!E506) -> '110450 | G506: TOMAR DEL SND | H506: =Sheet!F506 -> TINOCO AVILA OSCAR DANIEL | I506: =Sheet!G506 -> INGENIERIA AEROESPACIAL | J506: =Sheet!H506 -> 8vo | K506: =Sheet!I506 -> Masculino | L506: =Sheet!J506 -> Activo | M506: =Sheet!K506 -> AERO 8°
A507: LICENCIATURA | B507: OSCAR DIEGO | C507: VELAZQUEZ | D507: REYES | E507: oscardiego.velazquezreyes | F507: =CONCATENATE("'",Sheet!E507) -> '110432 | G507: TOMAR DEL SND | H507: =Sheet!F507 -> VELAZQUEZ REYES OSCAR DIEGO | I507: =Sheet!G507 -> ARQUITECTURA | J507: =Sheet!H507 -> 8vo | K507: =Sheet!I507 -> Masculino | L507: =Sheet!J507 -> Activo | M507: =Sheet!K507 -> ARQ 8°
A508: LICENCIATURA | B508: OSCAR EMILIO | C508: CAYO | D508: DIAZ | E508: oscaremilio.cayodiaz | F508: =CONCATENATE("'",Sheet!E508) -> '111049 | G508: TOMAR DEL SND | H508: =Sheet!F508 -> CAYO DIAZ OSCAR EMILIO | I508: =Sheet!G508 -> ADMINISTRACION Y DIRECCION DE NEGOCIOS | J508: =Sheet!H508 -> 6to | K508: =Sheet!I508 -> Masculino | L508: =Sheet!J508 -> Activo | M508: =Sheet!K508 -> ADMON 6°
A509: LICENCIATURA | B509: OSCAR HIRAM | C509: OLIVA | D509: RODRIGUEZ | E509: oscarhiram.olivarodriguez | F509: =CONCATENATE("'",Sheet!E509) -> '112283 | G509: TOMAR DEL SND | H509: =Sheet!F509 -> OLIVA RODRIGUEZ OSCAR HIRAM | I509: =Sheet!G509 -> ADMINISTRACION Y DIRECCION DE NEGOCIOS | J509: =Sheet!H509 -> 2do | K509: =Sheet!I509 -> Masculino | L509: =Sheet!J509 -> Activo | M509: =Sheet!K509 -> ADMON 2°
A510: LICENCIATURA | B510: OSCAR ISRAEL | C510: VAZQUEZ | D510: MUÑOZ | E510: oscarisrael.vazquezmunoz | F510: =CONCATENATE("'",Sheet!E510) -> '112210 | G510: TOMAR DEL SND | H510: =Sheet!F510 -> VAZQUEZ MUÑOZ OSCAR ISRAEL | I510: =Sheet!G510 -> ADMINISTRACION Y DIRECCION DE NEGOCIOS | J510: =Sheet!H510 -> 2do | K510: =Sheet!I510 -> Masculino | L510: =Sheet!J510 -> Activo | M510: =Sheet!K510 -> ADMON 2°
... A536: LICENCIATURA | B536: PERLA BEATRIZ | C536: AVILES | D536: BRETADO | E536: perlabeatriz.avilesbretado | F536: =CONCATENATE("'",Sheet!E536) -> '111760 | G536: TOMAR DEL SND | H536: =Sheet!F536 -> AVILES BRETADO PERLA BEATRIZ | I536: =Sheet!G536 -> PSICOLOGIA | J536: =Sheet!H536 -> 4to | K536: =Sheet!I536 -> Femenino | L536: =Sheet!J536 -> Activo | M536: =Sheet!K536 -> PSI 4°
A537: LICENCIATURA | B537: RAFAEL VALENTIN | C537: LARA | E537: rafaelvalentin.lara | F537: =CONCATENATE("'",Sheet!E537) -> '112272 | G537: TOMAR DEL SND | H537: =Sheet!F537 -> LARA RAFAEL VALENTIN | I537: =Sheet!G537 -> INGENIERÍA AUTOMOTRIZ | J537: =Sheet!H537 -> 2do | K537: =Sheet!I537 -> Masculino | L537: =Sheet!J537 -> Activo | M537: =Sheet!K537 -> AUTO 2° A
A538: LICENCIATURA | B538: REGINA | C538: LOPEZ | D538: ALVAREZ | E538: regina.lopezalvarez | F538: =CONCATENATE("'",Sheet!E538) -> '111767 | G538: TOMAR DEL SND | H538: =Sheet!F538 -> LOPEZ ALVAREZ REGINA | I538: =Sheet!G538 -> ARQUITECTURA | J538: =Sheet!H538 -> 4to | K538: =Sheet!I538 -> Femenino | L538: =Sheet!J538 -> Activo | M538: =Sheet!K538 -> ARQ 4°
A539: LICENCIATURA | B539: REGINA | C539: MARRON | D539: PEREZ | E539: regina.marronperez | F539: =CONCATENATE("'",Sheet!E539) -> '112171 | G539: TOMAR DEL SND | H539: =Sheet!F539 -> MARRON PEREZ REGINA | I539: =Sheet!G539 -> PSICOLOGIA | J539: =Sheet!H539 -> 2do | K539: =Sheet!I539 -> Femenino | L539: =Sheet!J539 -> Activo | M539: =Sheet!K539 -> PSI 2°
A540: LICENCIATURA | B540: REGINA MARGARITA | C540: ARELLANO | D540: BAÑUELOS | E540: reginamargarita.arellanobanuelos | F540: =CONCATENATE("'",Sheet!E540) -> '111336 | G540: TOMAR DEL SND | H540: =Sheet!F540 -> ARELLANO BAÑUELOS REGINA MARGARITA | I540: =Sheet!G540 -> ARQUITECTURA | J540: =Sheet!H540 -> 6to | K540: =Sheet!I540 -> Femenino | L540: =Sheet!J540 -> Activo | M540: =Sheet!K540 -> ARQ 6°
A541: LICENCIATURA | B541: RENATA | C541: BARBOSA | D541: CUEVAS | E541: renata.barbosacuevas | F541: =CONCATENATE("'",Sheet!E541) -> '112255 | G541: TOMAR DEL SND | H541: =Sheet!F541 -> BARBOSA CUEVAS RENATA | I541: =Sheet!G541 -> ARQUITECTURA | J541: =Sheet!H541 -> 2do | K541: =Sheet!I541 -> Femenino | L541: =Sheet!J541 -> Activo | M541: =Sheet!K541 -> ARQ 2°
A542: LICENCIATURA | B542: RENATA | C542: PICHARDO | D542: JAIME | E542: renata.pichardojaime | F542: =CONCATENATE("'",Sheet!E542) -> '109902 | G542: TOMAR DEL SND | H542: =Sheet!F542 -> PICHARDO JAIME RENATA | I542: =Sheet!G542 -> INGENIERIA AEROESPACIAL | J542: =Sheet!H542 -> 10mo | K542: =Sheet!I542 -> Femenino | L542: =Sheet!J542 -> Activo | M542: =Sheet!K542 -> AERO_10°
A543: LICENCIATURA | B543: RENATA GABRIELA | C543: CAREY | D543: RAMIREZ | E543: renatagabriela.careyramirez | F543: =CONCATENATE("'",Sheet!E543) -> '112150 | G543: TOMAR DEL SND | H543: =Sheet!F543 -> CAREY RAMIREZ RENATA GABRIELA | I543: =Sheet!G543 -> ANIMACION DIGITAL Y VIDEOJUEGOS | J543: =Sheet!H543 -> 2do | K543: =Sheet!I543 -> Femenino | L543: =Sheet!J543 -> Activo | M543: =Sheet!K543 -> ANIM 2°
A544: LICENCIATURA | B544: RICARDO | C544: LOPEZ | D544: SILVA | E544: ricardo.lopezsilva | F544: =CONCATENATE("'",Sheet!E544) -> '110496 | G544: TOMAR DEL SND | H544: =Sheet!F544 -> LOPEZ SILVA RICARDO | I544: =Sheet!G544 -> ANIMACION DIGITAL Y VIDEOJUEGOS | J544: =Sheet!H544 -> 8vo | K544: =Sheet!I544 -> Masculino | L544: =Sheet!J544 -> Activo | M544: =Sheet!K544 -> ANIM 8°
A545: LICENCIATURA | B545: RICARDO | C545: RAYGOZA | D545: GOMEZ | E545: ricardo.raygozagomez | F545: =CONCATENATE("'",Sheet!E545) -> '112159 | G545: TOMAR DEL SND | H545: =Sheet!F545 -> RAYGOZA GOMEZ RICARDO | I545: =Sheet!G545 -> INGENIERÍA EN INTELIGENCIA ARTIFICIAL | J545: =Sheet!H545 -> 2do | K545: =Sheet!I545 -> Masculino | L545: =Sheet!J545 -> Activo | M545: =Sheet!K545 -> IA 2°
A546: LICENCIATURA | B546: RICARDO ALEXANDER | C546: GARCIA | D546: RODRIGUEZ | E546: ricardoalexander.garciarodriguez | F546: =CONCATENATE("'",Sheet!E546) -> '112181 | G546: TOMAR DEL SND | H546: =Sheet!F546 -> GARCIA RODRIGUEZ RICARDO ALEXANDER | I546: =Sheet!G546 -> INGENIERIA AEROESPACIAL | J546: =Sheet!H546 -> 2do | K546: =Sheet!I546 -> Masculino | L546: =Sheet!J546 -> Activo | M546: =Sheet!K546 -> AERO 2°A
A547: LICENCIATURA | B547: ROBERTO | C547: TINOCO | D547: ARICEAGA | E547: roberto.tinocoariceaga | F547: =CONCATENATE("'",Sheet!E547) -> '111661 | G547: TOMAR DEL SND | H547: =Sheet!F547 -> TINOCO ARICEAGA ROBERTO | I547: =Sheet!G547 -> INGENIERIA AEROESPACIAL | J547: =Sheet!H547 -> 4to | K547: =Sheet!I547 -> Masculino | L547: =Sheet!J547 -> Activo | M547: =Sheet!K547 -> AERO 4°A
A548: LICENCIATURA | B548: ROBERTO ANTONIO | C548: GONZALEZ | D548: MIRANDA | E548: robertoantonio.gonzalezmiranda | F548: =CONCATENATE("'",Sheet!E548) -> '112188 | G548: TOMAR DEL SND | H548: =Sheet!F548 -> GONZALEZ MIRANDA ROBERTO ANTONIO | I548: =Sheet!G548 -> INGENIERIA AEROESPACIAL | J548: =Sheet!H548 -> 2do | K548: =Sheet!I548 -> Masculino | L548: =Sheet!J548 -> Activo | M548: =Sheet!K548 -> AERO 2°A
A549: LICENCIATURA | B549: ROBERTO EMMANUEL | C549: ZAMORA | D549: SALAZAR | E549: robertoemmanuel.zamorasalazar | F549: =CONCATENATE("'",Sheet!E549) -> '112256 | G549: TOMAR DEL SND | H549: =Sheet!F549 -> ZAMORA SALAZAR ROBERTO EMMANUEL | I549: =Sheet!G549 -> INGENIERÍA EN INTELIGENCIA ARTIFICIAL | J549: =Sheet!H549 -> 2do | K549: =Sheet!I549 -> Masculino | L549: =Sheet!J549 -> Activo | M549: =Sheet!K549 -> IA 2°
... A605: LICENCIATURA | B605: VALERIA SOFIA | C605: OCHOA | D605: REYES | E605: valeriasofia.ochoareyes | F605: =CONCATENATE("'",Sheet!E605) -> '111680 | G605: TOMAR DEL SND | H605: =Sheet!F605 -> OCHOA REYES VALERIA SOFIA | I605: =Sheet!G605 -> INGENIERIA AEROESPACIAL | J605: =Sheet!H605 -> 4to | K605: =Sheet!I605 -> Femenino | L605: =Sheet!J605 -> Activo | M605: =Sheet!K605 -> AERO 4°B
A606: LICENCIATURA | B606: VICTOR HUGO | C606: FRANCO | D606: MENDEZ | E606: victorhugo.francomendez | F606: =CONCATENATE("'",Sheet!E607) -> '111030 | G606: TOMAR DEL SND | H606: =Sheet!F607 -> FRANCO MENDEZ VICTOR HUGO | I606: =Sheet!G607 -> PSICOLOGIA | J606: =Sheet!H607 -> 6to | K606: =Sheet!I607 -> Masculino | L606: =Sheet!J607 -> Activo | M606: =Sheet!K607 -> PSI 6°
A607: LICENCIATURA | B607: VICTOR MANUEL | C607: CERVANTES | D607: PANDURO | E607: victormanuel.cervantespanduro | F607: =CONCATENATE("'",Sheet!E608) -> '111166 | G607: TOMAR DEL SND | H607: =Sheet!F608 -> CERVANTES PANDURO VICTOR MANUEL | I607: =Sheet!G608 -> PSICOLOGIA | J607: =Sheet!H608 -> 6to | K607: =Sheet!I608 -> Masculino | L607: =Sheet!J608 -> Activo | M607: =Sheet!K608 -> PSI 6°
A608: LICENCIATURA | B608: VICTOR MANUEL | C608: VELASCO | D608: LIEVANOS | E608: victormanuel.velascolievanos | F608: =CONCATENATE("'",Sheet!E609) -> '112208 | G608: TOMAR DEL SND | H608: =Sheet!F609 -> VELASCO LIEVANOS VICTOR MANUEL | I608: =Sheet!G609 -> INGENIERÍA AUTOMOTRIZ | J608: =Sheet!H609 -> 2do | K608: =Sheet!I609 -> Masculino | L608: =Sheet!J609 -> Activo | M608: =Sheet!K609 -> AUTO 2° A
A609: LICENCIATURA | B609: VICTORIA | C609: GUERRERO | D609: FLORES | E609: victoria.guerreroflores | F609: =CONCATENATE("'",Sheet!E610) -> '111221 | G609: TOMAR DEL SND | H609: =Sheet!F610 -> GUERRERO FLORES VICTORIA | I609: =Sheet!G610 -> NUTRICION Y GASTRONOMIA | J609: =Sheet!H610 -> 6to | K609: =Sheet!I610 -> Femenino | L609: =Sheet!J610 -> Activo | M609: =Sheet!K610 -> NUT 6°
A610: LICENCIATURA | B610: VICTORIA | C610: ROMERO | D610: GOMEZ | E610: victoria.romerogomez | F610: =CONCATENATE("'",Sheet!E611) -> '111807 | G610: TOMAR DEL SND | H610: =Sheet!F611 -> ROMERO GOMEZ VICTORIA | I610: =Sheet!G611 -> NUTRICION Y GASTRONOMIA | J610: =Sheet!H611 -> 4to | K610: =Sheet!I611 -> Femenino | L610: =Sheet!J611 -> Activo | M610: =Sheet!K611 -> NUT 4°
A611: LICENCIATURA | B611: VIVIANA PAOLA | C611: RIVERA | D611: OLIVER | E611: vivianapaola.riveraoliver | F611: =CONCATENATE("'",Sheet!E612) -> '112404 | G611: TOMAR DEL SND | H611: =Sheet!F612 -> RIVERA OLIVER VIVIANA PAOLA | I611: =Sheet!G612 -> PSICOLOGIA | J611: =Sheet!H612 -> 4to | K611: =Sheet!I612 -> Femenino | L611: =Sheet!J612 -> Activo | M611: =Sheet!K612 -> PSI 8°
A612: LICENCIATURA | B612: WILHELM | C612: STOBSCHINSKI | D612: FRANZ | E612: wilhelm.stobschinskifranz | F612: =CONCATENATE("'",Sheet!E613) -> '007076 | G612: TOMAR DEL SND | H612: =Sheet!F613 -> STOBSCHINSKI FRANZ WILHELM | I612: =Sheet!G613 -> COMERCIO INTERNACIONAL | J612: =Sheet!H613 -> 8vo | K612: =Sheet!I613 -> Masculino | L612: =Sheet!J613 -> Activo | M612: =Sheet!K613 -> COM 8°
A613: LICENCIATURA | B613: XIMENA | C613: CARDENAS | D613: GARCIA | E613: ximena.cardenasgarcia | F613: =CONCATENATE("'",Sheet!E614) -> '110662 | G613: TOMAR DEL SND | H613: =Sheet!F614 -> CARDENAS GARCIA XIMENA | I613: =Sheet!G614 -> PSICOLOGIA | J613: =Sheet!H614 -> 8vo | K613: =Sheet!I614 -> Femenino | L613: =Sheet!J614 -> Activo | M613: =Sheet!K614 -> PSI 8°
A614: LICENCIATURA | B614: XIMENA | C614: COVARRUBIAS | D614: LIMON | E614: ximena.covarrubiaslimon | F614: =CONCATENATE("'",Sheet!E615) -> '111178 | G614: TOMAR DEL SND | H614: =Sheet!F615 -> COVARRUBIAS LIMON XIMENA | I614: =Sheet!G615 -> PSICOLOGIA | J614: =Sheet!H615 -> 6to | K614: =Sheet!I615 -> Femenino | L614: =Sheet!J615 -> Activo | M614: =Sheet!K615 -> PSI 6°
A615: LICENCIATURA | B615: XIMENA SOFIA | C615: RODRIGUEZ | D615: CISNEROS | E615: ximenasofia.rodriguezcisneros | F615: =CONCATENATE("'",Sheet!E616) -> '112301 | G615: TOMAR DEL SND | H615: =Sheet!F616 -> RODRIGUEZ CISNEROS XIMENA SOFIA | I615: =Sheet!G616 -> PSICOLOGIA | J615: =Sheet!H616 -> 2do | K615: =Sheet!I616 -> Femenino | L615: =Sheet!J616 -> Activo | M615: =Sheet!K616 -> PSI 2°
A616: LICENCIATURA | B616: YAEL ALEJANDRO | C616: HERNANDEZ | D616: GONZALEZ | E616: yaelalejandro.hernandezgonzalez | F616: =CONCATENATE("'",Sheet!E617) -> '110483 | G616: TOMAR DEL SND | H616: =Sheet!F617 -> HERNANDEZ GONZALEZ YAEL ALEJANDRO | I616: =Sheet!G617 -> COMERCIO INTERNACIONAL | J616: =Sheet!H617 -> 8vo | K616: =Sheet!I617 -> Masculino | L616: =Sheet!J617 -> Bloqueado | M616: =Sheet!K617 -> COM 8°
A617: LICENCIATURA | B617: YAEL DE JESUS | C617: MEDINA | D617: RODRIGUEZ | E617: yaeldejesus.medinarodriguez | F617: =CONCATENATE("'",Sheet!E618) -> '110448 | G617: TOMAR DEL SND | H617: =Sheet!F618 -> MEDINA RODRIGUEZ YAEL DE JESUS | I617: =Sheet!G618 -> INGENIERIA AEROESPACIAL | J617: =Sheet!H618 -> 8vo | K617: =Sheet!I618 -> Masculino | L617: =Sheet!J618 -> Activo | M617: =Sheet!K618 -> AERO 8°
... A624: LICENCIATURA | B624: ZARA SOFIA | C624: MONTAÑO | D624: AMBROCIO | E624: zarasofia.montanoambrocio | F624: =CONCATENATE("'",Sheet!E625) -> '111628 | G624: TOMAR DEL SND | H624: =Sheet!F625 -> MONTAÑO AMBROCIO ZARA SOFIA | I624: =Sheet!G625 -> INGENIERÍA AUTOMOTRIZ | J624: =Sheet!H625 -> 4to | K624: =Sheet!I625 -> Femenino | L624: =Sheet!J625 -> Activo | M624: =Sheet!K625 -> AUTO 4°

Sheet Participantes
A1: ID | B1: Nivel | C1: Correo | D1: Matrícula | E1: Clave | F1: Nombre | G1: Carrera | H1: Grado | I1: Sexo | J1: Situación | K1: =CONCATENATE("INSERT INTO participantes (",L1,") VALUES (") -> INSERT INTO participantes (id,nivel,correo,matricula,clave,nombre,carrera,grado,sexo,situacion,evaluados,num_evaluados,total_evaluaciones,ultimo_acceso,nivel_acceso) VALUES ( | L1: id,nivel,correo,matricula,clave,nombre,carrera,grado,sexo,situacion,evaluados,num_evaluados,total_evaluaciones,ultimo_acceso,nivel_acceso
A2: 1001 | B2: 'LICENCIATURA' | C2: =CONCATENATE("'",Alumnos!E2,"'") -> 'abbydessire.pelayodiaz' | D2: =CONCATENATE(Alumnos!F2,"'") -> '111772' | E2: TOMAR DEL SND' | F2: =CONCATENATE("'",Alumnos!H2,"'") -> 'PELAYO DIAZ ABBY DESSIRE' | G2: =CONCATENATE("'",Alumnos!I2,"'") -> 'NUTRICION Y GASTRONOMIA' | H2: =CONCATENATE("'",Alumnos!J2,"'") -> '4to' | I2: =UPPER(CONCATENATE("'",Alumnos!K2,"'")) -> 'FEMENINO' | J2: =UPPER(CONCATENATE("'",Alumnos!L2,"'")) -> 'ACTIVO' | K2: =CONCATENATE(A2,",",B2,",",C2,",",D2,",'",E2,",",F2,",",G2,",",H2,",",UPPER(I2),",",UPPER(J2),",'',0,0,'','ALUMNO'") -> 1001,'LICENCIATURA','abbydessire.pelayodiaz','111772','TOMAR DEL SND','PELAYO DIAZ ABBY DESSIRE','NUTRICION Y GASTRONOMIA','4to','FEMENINO','ACTIVO','',0,0,'','ALUMNO' | L2: =CONCATENATE($K$1,K2,");") -> INSERT INTO participantes (id,nivel,correo,matricula,clave,nombre,carrera,grado,sexo,situacion,evaluados,num_evaluados,total_evaluaciones,ultimo_acceso,nivel_acceso) VALUES (1001,'LICENCIATURA','abbydessire.pelayodiaz','111772','TOMAR DEL SND','PELAYO DIAZ ABBY DESSIRE','NUTRICION Y GASTRONOMIA','4to','FEMENINO','ACTIVO','',0,0,'','ALUMNO'); | M2: =CONCATENATE("update participantes set correo=",C2," where id=",A2,";") -> update participantes set correo='abbydessire.pelayodiaz' where id=1001;
A3: 1002 | B3: 'LICENCIATURA' | C3: =CONCATENATE("'",Alumnos!E143,"'") -> 'cristian.villarruelsandoval' | D3: =CONCATENATE(Alumnos!F143,"'") -> '111773' | E3: TOMAR DEL SND' | F3: =CONCATENATE("'",Alumnos!H143,"'") -> 'VILLARRUEL SANDOVAL CRISTIAN' | G3: =CONCATENATE("'",Alumnos!I143,"'") -> 'ADMINISTRACION Y DIRECCION DE NEGOCIOS' | H3: =CONCATENATE("'",Alumnos!J143,"'") -> '4to' | I3: =UPPER(CONCATENATE("'",Alumnos!K143,"'")) -> 'MASCULINO' | J3: =UPPER(CONCATENATE("'",Alumnos!L143,"'")) -> 'ACTIVO' | K3: =CONCATENATE(A3,",",B3,",",C3,",",D3,",'",E3,",",F3,",",G3,",",H3,",",UPPER(I3),",",UPPER(J3),",'',0,0,'','ALUMNO'") -> 1002,'LICENCIATURA','cristian.villarruelsandoval','111773','TOMAR DEL SND','VILLARRUEL SANDOVAL CRISTIAN','ADMINISTRACION Y DIRECCION DE NEGOCIOS','4to','MASCULINO','ACTIVO','',0,0,'','ALUMNO' | L3: =CONCATENATE($K$1,K3,");") -> INSERT INTO participantes (id,nivel,correo,matricula,clave,nombre,carrera,grado,sexo,situacion,evaluados,num_evaluados,total_evaluaciones,ultimo_acceso,nivel_acceso) VALUES (1002,'LICENCIATURA','cristian.villarruelsandoval','111773','TOMAR DEL SND','VILLARRUEL SANDOVAL CRISTIAN','ADMINISTRACION Y DIRECCION DE NEGOCIOS','4to','MASCULINO','ACTIVO','',0,0,'','ALUMNO'); | M3: =CONCATENATE("update participantes set correo=",C3," where id=",A3,";") -> update participantes set correo='cristian.villarruelsandoval' where id=1002;
A4: 1003 | B4: 'LICENCIATURA' | C4: =CONCATENATE("'",Alumnos!E262,"'") -> 'guillermojose.sosayavilagonzalez' | D4: =CONCATENATE(Alumnos!F262,"'") -> '111774' | E4: TOMAR DEL SND' | F4: =CONCATENATE("'",Alumnos!H262,"'") -> 'SOSA Y AVILA GONZALEZ GUILLERMO JOSE' | G4: =CONCATENATE("'",Alumnos!I262,"'") -> 'INGENIERIA AEROESPACIAL' | H4: =CONCATENATE("'",Alumnos!J262,"'") -> '4to' | I4: =UPPER(CONCATENATE("'",Alumnos!K262,"'")) -> 'MASCULINO' | J4: =UPPER(CONCATENATE("'",Alumnos!L262,"'")) -> 'ACTIVO' | K4: =CONCATENATE(A4,",",B4,",",C4,",",D4,",'",E4,",",F4,",",G4,",",H4,",",UPPER(I4),",",UPPER(J4),",'',0,0,'','ALUMNO'") -> 1003,'LICENCIATURA','guillermojose.sosayavilagonzalez','111774','TOMAR DEL SND','SOSA Y AVILA GONZALEZ GUILLERMO JOSE','INGENIERIA AEROESPACIAL','4to','MASCULINO','ACTIVO','',0,0,'','ALUMNO' | L4: =CONCATENATE($K$1,K4,");") -> INSERT INTO participantes (id,nivel,correo,matricula,clave,nombre,carrera,grado,sexo,situacion,evaluados,num_evaluados,total_evaluaciones,ultimo_acceso,nivel_acceso) VALUES (1003,'LICENCIATURA','guillermojose.sosayavilagonzalez','111774','TOMAR DEL SND','SOSA Y AVILA GONZALEZ GUILLERMO JOSE','INGENIERIA AEROESPACIAL','4to','MASCULINO','ACTIVO','',0,0,'','ALUMNO'); | M4: =CONCATENATE("update participantes set correo=",C4," where id=",A4,";") -> update participantes set correo='guillermojose.sosayavilagonzalez' where id=1003;
A5: 1004 | B5: 'LICENCIATURA' | C5: =CONCATENATE("'",Alumnos!E490,"'") -> 'natalia.ortizlopez' | D5: =CONCATENATE(Alumnos!F490,"'") -> '111777' | E5: TOMAR DEL SND' | F5: =CONCATENATE("'",Alumnos!H490,"'") -> 'ORTIZ LOPEZ NATALIA' | G5: =CONCATENATE("'",Alumnos!I490,"'") -> 'PSICOLOGIA' | H5: =CONCATENATE("'",Alumnos!J490,"'") -> '4to' | I5: =UPPER(CONCATENATE("'",Alumnos!K490,"'")) -> 'FEMENINO' | J5: =UPPER(CONCATENATE("'",Alumnos!L490,"'")) -> 'ACTIVO' | K5: =CONCATENATE(A5,",",B5,",",C5,",",D5,",'",E5,",",F5,",",G5,",",H5,",",UPPER(I5),",",UPPER(J5),",'',0,0,'','ALUMNO'") -> 1004,'LICENCIATURA','natalia.ortizlopez','111777','TOMAR DEL SND','ORTIZ LOPEZ NATALIA','PSICOLOGIA','4to','FEMENINO','ACTIVO','',0,0,'','ALUMNO' | L5: =CONCATENATE($K$1,K5,");") -> INSERT INTO participantes (id,nivel,correo,matricula,clave,nombre,carrera,grado,sexo,situacion,evaluados,num_evaluados,total_evaluaciones,ultimo_acceso,nivel_acceso) VALUES (1004,'LICENCIATURA','natalia.ortizlopez','111777','TOMAR DEL SND','ORTIZ LOPEZ NATALIA','PSICOLOGIA','4to','FEMENINO','ACTIVO','',0,0,'','ALUMNO'); | M5: =CONCATENATE("update participantes set correo=",C5," where id=",A5,";") -> update participantes set correo='natalia.ortizlopez' where id=1004;
A6: 1005 | B6: 'LICENCIATURA' | C6: =CONCATENATE("'",Alumnos!E604,"'") -> 'valeriaalejandra.estradagil' | D6: =CONCATENATE(Alumnos!F604,"'") -> '111778' | E6: TOMAR DEL SND' | F6: =CONCATENATE("'",Alumnos!H604,"'") -> 'ESTRADA GIL VALERIA ALEJANDRA' | G6: =CONCATENATE("'",Alumnos!I604,"'") -> 'ADMINISTRACION Y DIRECCION DE NEGOCIOS' | H6: =CONCATENATE("'",Alumnos!J604,"'") -> '4to' | I6: =UPPER(CONCATENATE("'",Alumnos!K604,"'")) -> 'FEMENINO' | J6: =UPPER(CONCATENATE("'",Alumnos!L604,"'")) -> 'ACTIVO' | K6: =CONCATENATE(A6,",",B6,",",C6,",",D6,",'",E6,",",F6,",",G6,",",H6,",",UPPER(I6),",",UPPER(J6),",'',0,0,'','ALUMNO'") -> 1005,'LICENCIATURA','valeriaalejandra.estradagil','111778','TOMAR DEL SND','ESTRADA GIL VALERIA ALEJANDRA','ADMINISTRACION Y DIRECCION DE NEGOCIOS','4to','FEMENINO','ACTIVO','',0,0,'','ALUMNO' | L6: =CONCATENATE($K$1,K6,");") -> INSERT INTO participantes (id,nivel,correo,matricula,clave,nombre,carrera,grado,sexo,situacion,evaluados,num_evaluados,total_evaluaciones,ultimo_acceso,nivel_acceso) VALUES (1005,'LICENCIATURA','valeriaalejandra.estradagil','111778','TOMAR DEL SND','ESTRADA GIL VALERIA ALEJANDRA','ADMINISTRACION Y DIRECCION DE NEGOCIOS','4to','FEMENINO','ACTIVO','',0,0,'','ALUMNO'); | M6: =CONCATENATE("update participantes set correo=",C6," where id=",A6,";") -> update participantes set correo='valeriaalejandra.estradagil' where id=1005;
A7: 1006 | B7: 'LICENCIATURA' | C7: =CONCATENATE("'",Alumnos!E474,"'") -> 'michelleanahi.navarrozapata' | D7: =CONCATENATE(Alumnos!F474,"'") -> '111779' | E7: TOMAR DEL SND' | F7: =CONCATENATE("'",Alumnos!H474,"'") -> 'NAVARRO ZAPATA MICHELLE ANAHI' | G7: =CONCATENATE("'",Alumnos!I474,"'") -> 'ANIMACION DIGITAL Y VIDEOJUEGOS' | H7: =CONCATENATE("'",Alumnos!J474,"'") -> '4to' | I7: =UPPER(CONCATENATE("'",Alumnos!K474,"'")) -> 'FEMENINO' | J7: =UPPER(CONCATENATE("'",Alumnos!L474,"'")) -> 'ACTIVO' | K7: =CONCATENATE(A7,",",B7,",",C7,",",D7,",'",E7,",",F7,",",G7,",",H7,",",UPPER(I7),",",UPPER(J7),",'',0,0,'','ALUMNO'") -> 1006,'LICENCIATURA','michelleanahi.navarrozapata','111779','TOMAR DEL SND','NAVARRO ZAPATA MICHELLE ANAHI','ANIMACION DIGITAL Y VIDEOJUEGOS','4to','FEMENINO','ACTIVO','',0,0,'','ALUMNO' | L7: =CONCATENATE($K$1,K7,");") -> INSERT INTO participantes (id,nivel,correo,matricula,clave,nombre,carrera,grado,sexo,situacion,evaluados,num_evaluados,total_evaluaciones,ultimo_acceso,nivel_acceso) VALUES (1006,'LICENCIATURA','michelleanahi.navarrozapata','111779','TOMAR DEL SND','NAVARRO ZAPATA MICHELLE ANAHI','ANIMACION DIGITAL Y VIDEOJUEGOS','4to','FEMENINO','ACTIVO','',0,0,'','ALUMNO'); | M7: =CONCATENATE("update participantes set correo=",C7," where id=",A7,";") -> update participantes set correo='michelleanahi.navarrozapata' where id=1006;
A8: 1007 | B8: 'LICENCIATURA' | C8: =CONCATENATE("'",Alumnos!E337,"'") -> 'joseluis.hortasoltero' | D8: =CONCATENATE(Alumnos!F337,"'") -> '111783' | E8: TOMAR DEL SND' | F8: =CONCATENATE("'",Alumnos!H337,"'") -> 'HORTA SOLTERO JOSE LUIS' | G8: =CONCATENATE("'",Alumnos!I337,"'") -> 'INGENIERÍA AUTOMOTRIZ' | H8: =CONCATENATE("'",Alumnos!J337,"'") -> '4to' | I8: =UPPER(CONCATENATE("'",Alumnos!K337,"'")) -> 'MASCULINO' | J8: =UPPER(CONCATENATE("'",Alumnos!L337,"'")) -> 'ACTIVO' | K8: =CONCATENATE(A8,",",B8,",",C8,",",D8,",'",E8,",",F8,",",G8,",",H8,",",UPPER(I8),",",UPPER(J8),",'',0,0,'','ALUMNO'") -> 1007,'LICENCIATURA','joseluis.hortasoltero','111783','TOMAR DEL SND','HORTA SOLTERO JOSE LUIS','INGENIERÍA AUTOMOTRIZ','4to','MASCULINO','ACTIVO','',0,0,'','ALUMNO' | L8: =CONCATENATE($K$1,K8,");") -> INSERT INTO participantes (id,nivel,correo,matricula,clave,nombre,carrera,grado,sexo,situacion,evaluados,num_evaluados,total_evaluaciones,ultimo_acceso,nivel_acceso) VALUES (1007,'LICENCIATURA','joseluis.hortasoltero','111783','TOMAR DEL SND','HORTA SOLTERO JOSE LUIS','INGENIERÍA AUTOMOTRIZ','4to','MASCULINO','ACTIVO','',0,0,'','ALUMNO'); | M8: =CONCATENATE("update participantes set correo=",C8," where id=",A8,";") -> update participantes set correo='joseluis.hortasoltero' where id=1007;
A9: 1008 | B9: 'LICENCIATURA' | C9: =CONCATENATE("'",Alumnos!E9,"'") -> 'adrian.jaimeojeda' | D9: =CONCATENATE(Alumnos!F9,"'") -> '111784' | E9: TOMAR DEL SND' | F9: =CONCATENATE("'",Alumnos!H9,"'") -> 'JAIME OJEDA ADRIAN' | G9: =CONCATENATE("'",Alumnos!I9,"'") -> 'INGENIERÍA AUTOMOTRIZ' | H9: =CONCATENATE("'",Alumnos!J9,"'") -> '4to' | I9: =UPPER(CONCATENATE("'",Alumnos!K9,"'")) -> 'MASCULINO' | J9: =UPPER(CONCATENATE("'",Alumnos!L9,"'")) -> 'ACTIVO' | K9: =CONCATENATE(A9,",",B9,",",C9,",",D9,",'",E9,",",F9,",",G9,",",H9,",",UPPER(I9),",",UPPER(J9),",'',0,0,'','ALUMNO'") -> 1008,'LICENCIATURA','adrian.jaimeojeda','111784','TOMAR DEL SND','JAIME OJEDA ADRIAN','INGENIERÍA AUTOMOTRIZ','4to','MASCULINO','ACTIVO','',0,0,'','ALUMNO' | L9: =CONCATENATE($K$1,K9,");") -> INSERT INTO participantes (id,nivel,correo,matricula,clave,nombre,carrera,grado,sexo,situacion,evaluados,num_evaluados,total_evaluaciones,ultimo_acceso,nivel_acceso) VALUES (1008,'LICENCIATURA','adrian.jaimeojeda','111784','TOMAR DEL SND','JAIME OJEDA ADRIAN','INGENIERÍA AUTOMOTRIZ','4to','MASCULINO','ACTIVO','',0,0,'','ALUMNO'); | M9: =CONCATENATE("update participantes set correo=",C9," where id=",A9,";") -> update participantes set correo='adrian.jaimeojeda' where id=1008;
A10: 1009 | B10: 'LICENCIATURA' | C10: =CONCATENATE("'",Alumnos!E603,"'") -> 'valeria.torresfarias' | D10: =CONCATENATE(Alumnos!F603,"'") -> '111785' | E10: TOMAR DEL SND' | F10: =CONCATENATE("'",Alumnos!H603,"'") -> 'TORRES FARIAS VALERIA' | G10: =CONCATENATE("'",Alumnos!I603,"'") -> 'ANIMACION DIGITAL Y VIDEOJUEGOS' | H10: =CONCATENATE("'",Alumnos!J603,"'") -> '4to' | I10: =UPPER(CONCATENATE("'",Alumnos!K603,"'")) -> 'FEMENINO' | J10: =UPPER(CONCATENATE("'",Alumnos!L603,"'")) -> 'ACTIVO' | K10: =CONCATENATE(A10,",",B10,",",C10,",",D10,",'",E10,",",F10,",",G10,",",H10,",",UPPER(I10),",",UPPER(J10),",'',0,0,'','ALUMNO'") -> 1009,'LICENCIATURA','valeria.torresfarias','111785','TOMAR DEL SND','TORRES FARIAS VALERIA','ANIMACION DIGITAL Y VIDEOJUEGOS','4to','FEMENINO','ACTIVO','',0,0,'','ALUMNO' | L10: =CONCATENATE($K$1,K10,");") -> INSERT INTO participantes (id,nivel,correo,matricula,clave,nombre,carrera,grado,sexo,situacion,evaluados,num_evaluados,total_evaluaciones,ultimo_acceso,nivel_acceso) VALUES (1009,'LICENCIATURA','valeria.torresfarias','111785','TOMAR DEL SND','TORRES FARIAS VALERIA','ANIMACION DIGITAL Y VIDEOJUEGOS','4to','FEMENINO','ACTIVO','',0,0,'','ALUMNO'); | M10: =CONCATENATE("update participantes set correo=",C10," where id=",A10,";") -> update participantes set correo='valeria.torresfarias' where id=1009;
A11: 1010 | B11: 'LICENCIATURA' | C11: =CONCATENATE("'",Alumnos!E268,"'") -> 'hector.camposcardenas' | D11: =CONCATENATE(Alumnos!F268,"'") -> '111787' | E11: TOMAR DEL SND' | F11: =CONCATENATE("'",Alumnos!H268,"'") -> 'CAMPOS CARDENAS HECTOR' | G11: =CONCATENATE("'",Alumnos!I268,"'") -> 'INGENIERÍA AUTOMOTRIZ' | H11: =CONCATENATE("'",Alumnos!J268,"'") -> '4to' | I11: =UPPER(CONCATENATE("'",Alumnos!K268,"'")) -> 'MASCULINO' | J11: =UPPER(CONCATENATE("'",Alumnos!L268,"'")) -> 'ACTIVO' | K11: =CONCATENATE(A11,",",B11,",",C11,",",D11,",'",E11,",",F11,",",G11,",",H11,",",UPPER(I11),",",UPPER(J11),",'',0,0,'','ALUMNO'") -> 1010,'LICENCIATURA','hector.camposcardenas','111787','TOMAR DEL SND','CAMPOS CARDENAS HECTOR','INGENIERÍA AUTOMOTRIZ','4to','MASCULINO','ACTIVO','',0,0,'','ALUMNO' | L11: =CONCATENATE($K$1,K11,");") -> INSERT INTO participantes (id,nivel,correo,matricula,clave,nombre,carrera,grado,sexo,situacion,evaluados,num_evaluados,total_evaluaciones,ultimo_acceso,nivel_acceso) VALUES (1010,'LICENCIATURA','hector.camposcardenas','111787','TOMAR DEL SND','CAMPOS CARDENAS HECTOR','INGENIERÍA AUTOMOTRIZ','4to','MASCULINO','ACTIVO','',0,0,'','ALUMNO'); | M11: =CONCATENATE("update participantes set correo=",C11," where id=",A11,";") -> update participantes set correo='hector.camposcardenas' where id=1010;
A12: 1011 | B12: 'LICENCIATURA' | C12: =CONCATENATE("'",Alumnos!E499,"'") -> 'oliver.rochagarcia' | D12: =CONCATENATE(Alumnos!F499,"'") -> '111788' | E12: TOMAR DEL SND' | F12: =CONCATENATE("'",Alumnos!H499,"'") -> 'ROCHA GARCIA OLIVER' | G12: =CONCATENATE("'",Alumnos!I499,"'") -> 'PSICOLOGIA' | H12: =CONCATENATE("'",Alumnos!J499,"'") -> '4to' | I12: =UPPER(CONCATENATE("'",Alumnos!K499,"'")) -> 'MASCULINO' | J12: =UPPER(CONCATENATE("'",Alumnos!L499,"'")) -> 'ACTIVO' | K12: =CONCATENATE(A12,",",B12,",",C12,",",D12,",'",E12,",",F12,",",G12,",",H12,",",UPPER(I12),",",UPPER(J12),",'',0,0,'','ALUMNO'") -> 1011,'LICENCIATURA','oliver.rochagarcia','111788','TOMAR DEL SND','ROCHA GARCIA OLIVER','PSICOLOGIA','4to','MASCULINO','ACTIVO','',0,0,'','ALUMNO' | L12: =CONCATENATE($K$1,K12,");") -> INSERT INTO participantes (id,nivel,correo,matricula,clave,nombre,carrera,grado,sexo,situacion,evaluados,num_evaluados,total_evaluaciones,ultimo_acceso,nivel_acceso) VALUES (1011,'LICENCIATURA','oliver.rochagarcia','111788','TOMAR DEL SND','ROCHA GARCIA OLIVER','PSICOLOGIA','4to','MASCULINO','ACTIVO','',0,0,'','ALUMNO'); | M12: =CONCATENATE("update participantes set correo=",C12," where id=",A12,";") -> update participantes set correo='oliver.rochagarcia' where id=1011;
A13: 1012 | B13: 'LICENCIATURA' | C13: =CONCATENATE("'",Alumnos!E101,"'") -> 'berthaerica.guzmanaparicio' | D13: =CONCATENATE(Alumnos!F101,"'") -> '111791' | E13: TOMAR DEL SND' | F13: =CONCATENATE("'",Alumnos!H101,"'") -> 'GUZMAN APARICIO BERTHA ERICA' | G13: =CONCATENATE("'",Alumnos!I101,"'") -> 'ANIMACION DIGITAL Y VIDEOJUEGOS' | H13: =CONCATENATE("'",Alumnos!J101,"'") -> '4to' | I13: =UPPER(CONCATENATE("'",Alumnos!K101,"'")) -> 'FEMENINO' | J13: =UPPER(CONCATENATE("'",Alumnos!L101,"'")) -> 'ACTIVO' | K13: =CONCATENATE(A13,",",B13,",",C13,",",D13,",'",E13,",",F13,",",G13,",",H13,",",UPPER(I13),",",UPPER(J13),",'',0,0,'','ALUMNO'") -> 1012,'LICENCIATURA','berthaerica.guzmanaparicio','111791','TOMAR DEL SND','GUZMAN APARICIO BERTHA ERICA','ANIMACION DIGITAL Y VIDEOJUEGOS','4to','FEMENINO','ACTIVO','',0,0,'','ALUMNO' | L13: =CONCATENATE($K$1,K13,");") -> INSERT INTO participantes (id,nivel,correo,matricula,clave,nombre,carrera,grado,sexo,situacion,evaluados,num_evaluados,total_evaluaciones,ultimo_acceso,nivel_acceso) VALUES (1012,'LICENCIATURA','berthaerica.guzmanaparicio','111791','TOMAR DEL SND','GUZMAN APARICIO BERTHA ERICA','ANIMACION DIGITAL Y VIDEOJUEGOS','4to','FEMENINO','ACTIVO','',0,0,'','ALUMNO'); | M13: =CONCATENATE("update participantes set correo=",C13," where id=",A13,";") -> update participantes set correo='berthaerica.guzmanaparicio' where id=1012;
A14: 1013 | B14: 'LICENCIATURA' | C14: =CONCATENATE("'",Alumnos!E400,"'") -> 'leonardoaugusto.vazquezcastellanos' | D14: =CONCATENATE(Alumnos!F400,"'") -> '111792' | E14: TOMAR DEL SND' | F14: =CONCATENATE("'",Alumnos!H400,"'") -> 'VAZQUEZ CASTELLANOS LEONARDO AUGUSTO' | G14: =CONCATENATE("'",Alumnos!I400,"'") -> 'ARQUITECTURA' | H14: =CONCATENATE("'",Alumnos!J400,"'") -> '4to' | I14: =UPPER(CONCATENATE("'",Alumnos!K400,"'")) -> 'MASCULINO' | J14: =UPPER(CONCATENATE("'",Alumnos!L400,"'")) -> 'ACTIVO' | K14: =CONCATENATE(A14,",",B14,",",C14,",",D14,",'",E14,",",F14,",",G14,",",H14,",",UPPER(I14),",",UPPER(J14),",'',0,0,'','ALUMNO'") -> 1013,'LICENCIATURA','leonardoaugusto.vazquezcastellanos','111792','TOMAR DEL SND','VAZQUEZ CASTELLANOS LEONARDO AUGUSTO','ARQUITECTURA','4to','MASCULINO','ACTIVO','',0,0,'','ALUMNO' | L14: =CONCATENATE($K$1,K14,");") -> INSERT INTO participantes (id,nivel,correo,matricula,clave,nombre,carrera,grado,sexo,situacion,evaluados,num_evaluados,total_evaluaciones,ultimo_acceso,nivel_acceso) VALUES (1013,'LICENCIATURA','leonardoaugusto.vazquezcastellanos','111792','TOMAR DEL SND','VAZQUEZ CASTELLANOS LEONARDO AUGUSTO','ARQUITECTURA','4to','MASCULINO','ACTIVO','',0,0,'','ALUMNO'); | M14: =CONCATENATE("update participantes set correo=",C14," where id=",A14,";") -> update participantes set correo='leonardoaugusto.vazquezcastellanos' where id=1013;
A15: 1014 | B15: 'LICENCIATURA' | C15: =CONCATENATE("'",Alumnos!E11,"'") -> 'adrianbryant.vegacastaneda' | D15: =CONCATENATE(Alumnos!F11,"'") -> '111793' | E15: TOMAR DEL SND' | F15: =CONCATENATE("'",Alumnos!H11,"'") -> 'VEGA CASTAÑEDA ADRIAN BRYANT' | G15: =CONCATENATE("'",Alumnos!I11,"'") -> 'PSICOLOGIA' | H15: =CONCATENATE("'",Alumnos!J11,"'") -> '4to' | I15: =UPPER(CONCATENATE("'",Alumnos!K11,"'")) -> 'MASCULINO' | J15: =UPPER(CONCATENATE("'",Alumnos!L11,"'")) -> 'ACTIVO' | K15: =CONCATENATE(A15,",",B15,",",C15,",",D15,",'",E15,",",F15,",",G15,",",H15,",",UPPER(I15),",",UPPER(J15),",'',0,0,'','ALUMNO'") -> 1014,'LICENCIATURA','adrianbryant.vegacastaneda','111793','TOMAR DEL SND','VEGA CASTAÑEDA ADRIAN BRYANT','PSICOLOGIA','4to','MASCULINO','ACTIVO','',0,0,'','ALUMNO' | L15: =CONCATENATE($K$1,K15,");") -> INSERT INTO participantes (id,nivel,correo,matricula,clave,nombre,carrera,grado,sexo,situacion,evaluados,num_evaluados,total_evaluaciones,ultimo_acceso,nivel_acceso) VALUES (1014,'LICENCIATURA','adrianbryant.vegacastaneda','111793','TOMAR DEL SND','VEGA CASTAÑEDA ADRIAN BRYANT','PSICOLOGIA','4to','MASCULINO','ACTIVO','',0,0,'','ALUMNO'); | M15: =CONCATENATE("update participantes set correo=",C15," where id=",A15,";") -> update participantes set correo='adrianbryant.vegacastaneda' where id=1014;
A16: 1015 | B16: 'LICENCIATURA' | C16: =CONCATENATE("'",Alumnos!E425,"'") -> 'luzangelicanaomi.gomezosorio' | D16: =CONCATENATE(Alumnos!F425,"'") -> '111795' | E16: TOMAR DEL SND' | F16: =CONCATENATE("'",Alumnos!H425,"'") -> 'GOMEZ OSORIO LUZ ANGELICA NAOMI' | G16: =CONCATENATE("'",Alumnos!I425,"'") -> 'PSICOLOGIA' | H16: =CONCATENATE("'",Alumnos!J425,"'") -> '4to' | I16: =UPPER(CONCATENATE("'",Alumnos!K425,"'")) -> 'FEMENINO' | J16: =UPPER(CONCATENATE("'",Alumnos!L425,"'")) -> 'ACTIVO' | K16: =CONCATENATE(A16,",",B16,",",C16,",",D16,",'",E16,",",F16,",",G16,",",H16,",",UPPER(I16),",",UPPER(J16),",'',0,0,'','ALUMNO'") -> 1015,'LICENCIATURA','luzangelicanaomi.gomezosorio','111795','TOMAR DEL SND','GOMEZ OSORIO LUZ ANGELICA NAOMI','PSICOLOGIA','4to','FEMENINO','ACTIVO','',0,0,'','ALUMNO' | L16: =CONCATENATE($K$1,K16,");") -> INSERT INTO participantes (id,nivel,correo,matricula,clave,nombre,carrera,grado,sexo,situacion,evaluados,num_evaluados,total_evaluaciones,ultimo_acceso,nivel_acceso) VALUES (1015,'LICENCIATURA','luzangelicanaomi.gomezosorio','111795','TOMAR DEL SND','GOMEZ OSORIO LUZ ANGELICA NAOMI','PSICOLOGIA','4to','FEMENINO','ACTIVO','',0,0,'','ALUMNO'); | M16: =CONCATENATE("update participantes set correo=",C16," where id=",A16,";") -> update participantes set correo='luzangelicanaomi.gomezosorio' where id=1015;
A17: 1016 | B17: 'LICENCIATURA' | C17: =CONCATENATE("'",Alumnos!E347,"'") -> 'juancarlos.banuelosperez' | D17: =CONCATENATE(Alumnos!F347,"'") -> '111796' | E17: TOMAR DEL SND' | F17: =CONCATENATE("'",Alumnos!H347,"'") -> 'BAÑUELOS PEREZ JUAN CARLOS' | G17: =CONCATENATE("'",Alumnos!I347,"'") -> 'ARQUITECTURA' | H17: =CONCATENATE("'",Alumnos!J347,"'") -> '4to' | I17: =UPPER(CONCATENATE("'",Alumnos!K347,"'")) -> 'MASCULINO' | J17: =UPPER(CONCATENATE("'",Alumnos!L347,"'")) -> 'ACTIVO' | K17: =CONCATENATE(A17,",",B17,",",C17,",",D17,",'",E17,",",F17,",",G17,",",H17,",",UPPER(I17),",",UPPER(J17),",'',0,0,'','ALUMNO'") -> 1016,'LICENCIATURA','juancarlos.banuelosperez','111796','TOMAR DEL SND','BAÑUELOS PEREZ JUAN CARLOS','ARQUITECTURA','4to','MASCULINO','ACTIVO','',0,0,'','ALUMNO' | L17: =CONCATENATE($K$1,K17,");") -> INSERT INTO participantes (id,nivel,correo,matricula,clave,nombre,carrera,grado,sexo,situacion,evaluados,num_evaluados,total_evaluaciones,ultimo_acceso,nivel_acceso) VALUES (1016,'LICENCIATURA','juancarlos.banuelosperez','111796','TOMAR DEL SND','BAÑUELOS PEREZ JUAN CARLOS','ARQUITECTURA','4to','MASCULINO','ACTIVO','',0,0,'','ALUMNO'); | M17: =CONCATENATE("update participantes set correo=",C17," where id=",A17,";") -> update participantes set correo='juancarlos.banuelosperez' where id=1016;
A18: 1017 | B18: 'LICENCIATURA' | C18: =CONCATENATE("'",Alumnos!E383,"'") -> 'kevin.villalobosmendoza' | D18: =CONCATENATE(Alumnos!F383,"'") -> '111797' | E18: TOMAR DEL SND' | F18: =CONCATENATE("'",Alumnos!H383,"'") -> 'VILLALOBOS MENDOZA KEVIN' | G18: =CONCATENATE("'",Alumnos!I383,"'") -> 'INGENIERÍA AUTOMOTRIZ' | H18: =CONCATENATE("'",Alumnos!J383,"'") -> '4to' | I18: =UPPER(CONCATENATE("'",Alumnos!K383,"'")) -> 'MASCULINO' | J18: =UPPER(CONCATENATE("'",Alumnos!L383,"'")) -> 'ACTIVO' | K18: =CONCATENATE(A18,",",B18,",",C18,",",D18,",'",E18,",",F18,",",G18,",",H18,",",UPPER(I18),",",UPPER(J18),",'',0,0,'','ALUMNO'") -> 1017,'LICENCIATURA','kevin.villalobosmendoza','111797','TOMAR DEL SND','VILLALOBOS MENDOZA KEVIN','INGENIERÍA AUTOMOTRIZ','4to','MASCULINO','ACTIVO','',0,0,'','ALUMNO' | L18: =CONCATENATE($K$1,K18,");") -> INSERT INTO participantes (id,nivel,correo,matricula,clave,nombre,carrera,grado,sexo,situacion,evaluados,num_evaluados,total_evaluaciones,ultimo_acceso,nivel_acceso) VALUES (1017,'LICENCIATURA','kevin.villalobosmendoza','111797','TOMAR DEL SND','VILLALOBOS MENDOZA KEVIN','INGENIERÍA AUTOMOTRIZ','4to','MASCULINO','ACTIVO','',0,0,'','ALUMNO'); | M18: =CONCATENATE("update participantes set correo=",C18," where id=",A18,";") -> update participantes set correo='kevin.villalobosmendoza' where id=1017;
A19: 1018 | B19: 'LICENCIATURA' | C19: =CONCATENATE("'",Alumnos!E110,"'") -> 'brendaguadalupe.bojadodelreal' | D19: =CONCATENATE(Alumnos!F110,"'") -> '111798' | E19: TOMAR DEL SND' | F19: =CONCATENATE("'",Alumnos!H110,"'") -> 'BOJADO DEL REAL BRENDA GUADALUPE' | G19: =CONCATENATE("'",Alumnos!I110,"'") -> 'ARQUITECTURA' | H19: =CONCATENATE("'",Alumnos!J110,"'") -> '4to' | I19: =UPPER(CONCATENATE("'",Alumnos!K110,"'")) -> 'FEMENINO' | J19: =UPPER(CONCATENATE("'",Alumnos!L110,"'")) -> 'ACTIVO' | K19: =CONCATENATE(A19,",",B19,",",C19,",",D19,",'",E19,",",F19,",",G19,",",H19,",",UPPER(I19),",",UPPER(J19),",'',0,0,'','ALUMNO'") -> 1018,'LICENCIATURA','brendaguadalupe.bojadodelreal','111798','TOMAR DEL SND','BOJADO DEL REAL BRENDA GUADALUPE','ARQUITECTURA','4to','FEMENINO','ACTIVO','',0,0,'','ALUMNO' | L19: =CONCATENATE($K$1,K19,");") -> INSERT INTO participantes (id,nivel,correo,matricula,clave,nombre,carrera,grado,sexo,situacion,evaluados,num_evaluados,total_evaluaciones,ultimo_acceso,nivel_acceso) VALUES (1018,'LICENCIATURA','brendaguadalupe.bojadodelreal','111798','TOMAR DEL SND','BOJADO DEL REAL BRENDA GUADALUPE','ARQUITECTURA','4to','FEMENINO','ACTIVO','',0,0,'','ALUMNO'); | M19: =CONCATENATE("update participantes set correo=",C19," where id=",A19,";") -> update participantes set correo='brendaguadalupe.bojadodelreal' where id=1018;
A20: 1019 | B20: 'LICENCIATURA' | C20: =CONCATENATE("'",Alumnos!E53,"'") -> 'anasofia.carrionlopez' | D20: =CONCATENATE(Alumnos!F53,"'") -> '111799' | E20: TOMAR DEL SND' | F20: =CONCATENATE("'",Alumnos!H53,"'") -> 'CARRION LOPEZ ANA SOFIA' | G20: =CONCATENATE("'",Alumnos!I53,"'") -> 'ANIMACION DIGITAL Y VIDEOJUEGOS' | H20: =CONCATENATE("'",Alumnos!J53,"'") -> '4to' | I20: =UPPER(CONCATENATE("'",Alumnos!K53,"'")) -> 'FEMENINO' | J20: =UPPER(CONCATENATE("'",Alumnos!L53,"'")) -> 'ACTIVO' | K20: =CONCATENATE(A20,",",B20,",",C20,",",D20,",'",E20,",",F20,",",G20,",",H20,",",UPPER(I20),",",UPPER(J20),",'',0,0,'','ALUMNO'") -> 1019,'LICENCIATURA','anasofia.carrionlopez','111799','TOMAR DEL SND','CARRION LOPEZ ANA SOFIA','ANIMACION DIGITAL Y VIDEOJUEGOS','4to','FEMENINO','ACTIVO','',0,0,'','ALUMNO' | L20: =CONCATENATE($K$1,K20,");") -> INSERT INTO participantes (id,nivel,correo,matricula,clave,nombre,carrera,grado,sexo,situacion,evaluados,num_evaluados,total_evaluaciones,ultimo_acceso,nivel_acceso) VALUES (1019,'LICENCIATURA','anasofia.carrionlopez','111799','TOMAR DEL SND','CARRION LOPEZ ANA SOFIA','ANIMACION DIGITAL Y VIDEOJUEGOS','4to','FEMENINO','ACTIVO','',0,0,'','ALUMNO'); | M20: =CONCATENATE("update participantes set correo=",C20," where id=",A20,";") -> update participantes set correo='anasofia.carrionlopez' where id=1019;
A21: 1020 | B21: 'LICENCIATURA' | C21: =CONCATENATE("'",Alumnos!E280,"'") -> 'isaacemiliano.chavezsaavedra' | D21: =CONCATENATE(Alumnos!F280,"'") -> '111800' | E21: TOMAR DEL SND' | F21: =CONCATENATE("'",Alumnos!H280,"'") -> 'CHAVEZ SAAVEDRA ISAAC EMILIANO' | G21: =CONCATENATE("'",Alumnos!I280,"'") -> 'INGENIERÍA AUTOMOTRIZ' | H21: =CONCATENATE("'",Alumnos!J280,"'") -> '4to' | I21: =UPPER(CONCATENATE("'",Alumnos!K280,"'")) -> 'MASCULINO' | J21: =UPPER(CONCATENATE("'",Alumnos!L280,"'")) -> 'ACTIVO' | K21: =CONCATENATE(A21,",",B21,",",C21,",",D21,",'",E21,",",F21,",",G21,",",H21,",",UPPER(I21),",",UPPER(J21),",'',0,0,'','ALUMNO'") -> 1020,'LICENCIATURA','isaacemiliano.chavezsaavedra','111800','TOMAR DEL SND','CHAVEZ SAAVEDRA ISAAC EMILIANO','INGENIERÍA AUTOMOTRIZ','4to','MASCULINO','ACTIVO','',0,0,'','ALUMNO' | L21: =CONCATENATE($K$1,K21,");") -> INSERT INTO participantes (id,nivel,correo,matricula,clave,nombre,carrera,grado,sexo,situacion,evaluados,num_evaluados,total_evaluaciones,ultimo_acceso,nivel_acceso) VALUES (1020,'LICENCIATURA','isaacemiliano.chavezsaavedra','111800','TOMAR DEL SND','CHAVEZ SAAVEDRA ISAAC EMILIANO','INGENIERÍA AUTOMOTRIZ','4to','MASCULINO','ACTIVO','',0,0,'','ALUMNO'); | M21: =CONCATENATE("update participantes set correo=",C21," where id=",A21,";") -> update participantes set correo='isaacemiliano.chavezsaavedra' where id=1020;
A22: 1021 | B22: 'LICENCIATURA' | C22: =CONCATENATE("'",Alumnos!E79,"'") -> 'angeldavid.sanchezlopez' | D22: =CONCATENATE(Alumnos!F79,"'") -> '111802' | E22: TOMAR DEL SND' | F22: =CONCATENATE("'",Alumnos!H79,"'") -> 'SANCHEZ LOPEZ ANGEL DAVID' | G22: =CONCATENATE("'",Alumnos!I79,"'") -> 'INGENIERÍA AUTOMOTRIZ' | H22: =CONCATENATE("'",Alumnos!J79,"'") -> '4to' | I22: =UPPER(CONCATENATE("'",Alumnos!K79,"'")) -> 'MASCULINO' | J22: =UPPER(CONCATENATE("'",Alumnos!L79,"'")) -> 'ACTIVO' | K22: =CONCATENATE(A22,",",B22,",",C22,",",D22,",'",E22,",",F22,",",G22,",",H22,",",UPPER(I22),",",UPPER(J22),",'',0,0,'','ALUMNO'") -> 1021,'LICENCIATURA','angeldavid.sanchezlopez','111802','TOMAR DEL SND','SANCHEZ LOPEZ ANGEL DAVID','INGENIERÍA AUTOMOTRIZ','4to','MASCULINO','ACTIVO','',0,0,'','ALUMNO' | L22: =CONCATENATE($K$1,K22,");") -> INSERT INTO participantes (id,nivel,correo,matricula,clave,nombre,carrera,grado,sexo,situacion,evaluados,num_evaluados,total_evaluaciones,ultimo_acceso,nivel_acceso) VALUES (1021,'LICENCIATURA','angeldavid.sanchezlopez','111802','TOMAR DEL SND','SANCHEZ LOPEZ ANGEL DAVID','INGENIERÍA AUTOMOTRIZ','4to','MASCULINO','ACTIVO','',0,0,'','ALUMNO'); | M22: =CONCATENATE("update participantes set correo=",C22," where id=",A22,";") -> update participantes set correo='angeldavid.sanchezlopez' where id=1021;
A23: 1022 | B23: 'LICENCIATURA' | C23: =CONCATENATE("'",Alumnos!E227,"'") -> 'esmeralda.cadenabobadilla' | D23: =CONCATENATE(Alumnos!F227,"'") -> '111804' | E23: TOMAR DEL SND' | F23: =CONCATENATE("'",Alumnos!H227,"'") -> 'CADENA BOBADILLA ESMERALDA' | G23: =CONCATENATE("'",Alumnos!I227,"'") -> 'NUTRICION Y GASTRONOMIA' | H23: =CONCATENATE("'",Alumnos!J227,"'") -> '4to' | I23: =UPPER(CONCATENATE("'",Alumnos!K227,"'")) -> 'FEMENINO' | J23: =UPPER(CONCATENATE("'",Alumnos!L227,"'")) -> 'ACTIVO' | K23: =CONCATENATE(A23,",",B23,",",C23,",",D23,",'",E23,",",F23,",",G23,",",H23,",",UPPER(I23),",",UPPER(J23),",'',0,0,'','ALUMNO'") -> 1022,'LICENCIATURA','esmeralda.cadenabobadilla','111804','TOMAR DEL SND','CADENA BOBADILLA ESMERALDA','NUTRICION Y GASTRONOMIA','4to','FEMENINO','ACTIVO','',0,0,'','ALUMNO' | L23: =CONCATENATE($K$1,K23,");") -> INSERT INTO participantes (id,nivel,correo,matricula,clave,nombre,carrera,grado,sexo,situacion,evaluados,num_evaluados,total_evaluaciones,ultimo_acceso,nivel_acceso) VALUES (1022,'LICENCIATURA','esmeralda.cadenabobadilla','111804','TOMAR DEL SND','CADENA BOBADILLA ESMERALDA','NUTRICION Y GASTRONOMIA','4to','FEMENINO','ACTIVO','',0,0,'','ALUMNO'); | M23: =CONCATENATE("update participantes set correo=",C23," where id=",A23,";") -> update participantes set correo='esmeralda.cadenabobadilla' where id=1022;
A24: 1023 | B24: 'LICENCIATURA' | C24: =CONCATENATE("'",Alumnos!E142,"'") -> 'claudiapatricia.martinezreynoso' | D24: =CONCATENATE(Alumnos!F142,"'") -> '111805' | E24: TOMAR DEL SND' | F24: =CONCATENATE("'",Alumnos!H142,"'") -> 'MARTINEZ REYNOSO CLAUDIA PATRICIA' | G24: =CONCATENATE("'",Alumnos!I142,"'") -> 'PSICOLOGIA' | H24: =CONCATENATE("'",Alumnos!J142,"'") -> '4to' | I24: =UPPER(CONCATENATE("'",Alumnos!K142,"'")) -> 'FEMENINO' | J24: =UPPER(CONCATENATE("'",Alumnos!L142,"'")) -> 'ACTIVO' | K24: =CONCATENATE(A24,",",B24,",",C24,",",D24,",'",E24,",",F24,",",G24,",",H24,",",UPPER(I24),",",UPPER(J24),",'',0,0,'','ALUMNO'") -> 1023,'LICENCIATURA','claudiapatricia.martinezreynoso','111805','TOMAR DEL SND','MARTINEZ REYNOSO CLAUDIA PATRICIA','PSICOLOGIA','4to','FEMENINO','ACTIVO','',0,0,'','ALUMNO' | L24: =CONCATENATE($K$1,K24,");") -> INSERT INTO participantes (id,nivel,correo,matricula,clave,nombre,carrera,grado,sexo,situacion,evaluados,num_evaluados,total_evaluaciones,ultimo_acceso,nivel_acceso) VALUES (1023,'LICENCIATURA','claudiapatricia.martinezreynoso','111805','TOMAR DEL SND','MARTINEZ REYNOSO CLAUDIA PATRICIA','PSICOLOGIA','4to','FEMENINO','ACTIVO','',0,0,'','ALUMNO'); | M24: =CONCATENATE("update participantes set correo=",C24," where id=",A24,";") -> update participantes set correo='claudiapatricia.martinezreynoso' where id=1023;
A25: 1024 | B25: 'LICENCIATURA' | C25: =CONCATENATE("'",Alumnos!E239,"'") -> 'fernandaaraceli.romerogarcia' | D25: =CONCATENATE(Alumnos!F239,"'") -> '111806' | E25: TOMAR DEL SND' | F25: =CONCATENATE("'",Alumnos!H239,"'") -> 'ROMERO GARCIA FERNANDA ARACELI' | G25: =CONCATENATE("'",Alumnos!I239,"'") -> 'ARQUITECTURA' | H25: =CONCATENATE("'",Alumnos!J239,"'") -> '4to' | I25: =UPPER(CONCATENATE("'",Alumnos!K239,"'")) -> 'FEMENINO' | J25: =UPPER(CONCATENATE("'",Alumnos!L239,"'")) -> 'ACTIVO' | K25: =CONCATENATE(A25,",",B25,",",C25,",",D25,",'",E25,",",F25,",",G25,",",H25,",",UPPER(I25),",",UPPER(J25),",'',0,0,'','ALUMNO'") -> 1024,'LICENCIATURA','fernandaaraceli.romerogarcia','111806','TOMAR DEL SND','ROMERO GARCIA FERNANDA ARACELI','ARQUITECTURA','4to','FEMENINO','ACTIVO','',0,0,'','ALUMNO' | L25: =CONCATENATE($K$1,K25,");") -> INSERT INTO participantes (id,nivel,correo,matricula,clave,nombre,carrera,grado,sexo,situacion,evaluados,num_evaluados,total_evaluaciones,ultimo_acceso,nivel_acceso) VALUES (1024,'LICENCIATURA','fernandaaraceli.romerogarcia','111806','TOMAR DEL SND','ROMERO GARCIA FERNANDA ARACELI','ARQUITECTURA','4to','FEMENINO','ACTIVO','',0,0,'','ALUMNO'); | M25: =CONCATENATE("update participantes set correo=",C25," where id=",A25,";") -> update participantes set correo='fernandaaraceli.romerogarcia' where id=1024;
A26: 1025 | B26: 'LICENCIATURA' | C26: =CONCATENATE("'",Alumnos!E610,"'") -> 'victoria.romerogomez' | D26: =CONCATENATE(Alumnos!F610,"'") -> '111807' | E26: TOMAR DEL SND' | F26: =CONCATENATE("'",Alumnos!H610,"'") -> 'ROMERO GOMEZ VICTORIA' | G26: =CONCATENATE("'",Alumnos!I610,"'") -> 'NUTRICION Y GASTRONOMIA' | H26: =CONCATENATE("'",Alumnos!J610,"'") -> '4to' | I26: =UPPER(CONCATENATE("'",Alumnos!K610,"'")) -> 'FEMENINO' | J26: =UPPER(CONCATENATE("'",Alumnos!L610,"'")) -> 'ACTIVO' | K26: =CONCATENATE(A26,",",B26,",",C26,",",D26,",'",E26,",",F26,",",G26,",",H26,",",UPPER(I26),",",UPPER(J26),",'',0,0,'','ALUMNO'") -> 1025,'LICENCIATURA','victoria.romerogomez','111807','TOMAR DEL SND','ROMERO GOMEZ VICTORIA','NUTRICION Y GASTRONOMIA','4to','FEMENINO','ACTIVO','',0,0,'','ALUMNO' | L26: =CONCATENATE($K$1,K26,");") -> INSERT INTO participantes (id,nivel,correo,matricula,clave,nombre,carrera,grado,sexo,situacion,evaluados,num_evaluados,total_evaluaciones,ultimo_acceso,nivel_acceso) VALUES (1025,'LICENCIATURA','victoria.romerogomez','111807','TOMAR DEL SND','ROMERO GOMEZ VICTORIA','NUTRICION Y GASTRONOMIA','4to','FEMENINO','ACTIVO','',0,0,'','ALUMNO'); | M26: =CONCATENATE("update participantes set correo=",C26," where id=",A26,";") -> update participantes set correo='victoria.romerogomez' where id=1025;
A27: 1026 | B27: 'LICENCIATURA' | C27: =CONCATENATE("'",Alumnos!E593,"'") -> 'valentino.elizaldequintero' | D27: =CONCATENATE(Alumnos!F593,"'") -> '111808' | E27: TOMAR DEL SND' | F27: =CONCATENATE("'",Alumnos!H593,"'") -> 'ELIZALDE QUINTERO VALENTINO' | G27: =CONCATENATE("'",Alumnos!I593,"'") -> 'INGENIERIA AEROESPACIAL' | H27: =CONCATENATE("'",Alumnos!J593,"'") -> '4to' | I27: =UPPER(CONCATENATE("'",Alumnos!K593,"'")) -> 'MASCULINO' | J27: =UPPER(CONCATENATE("'",Alumnos!L593,"'")) -> 'ACTIVO' | K27: =CONCATENATE(A27,",",B27,",",C27,",",D27,",'",E27,",",F27,",",G27,",",H27,",",UPPER(I27),",",UPPER(J27),",'',0,0,'','ALUMNO'") -> 1026,'LICENCIATURA','valentino.elizaldequintero','111808','TOMAR DEL SND','ELIZALDE QUINTERO VALENTINO','INGENIERIA AEROESPACIAL','4to','MASCULINO','ACTIVO','',0,0,'','ALUMNO' | L27: =CONCATENATE($K$1,K27,");") -> INSERT INTO participantes (id,nivel,correo,matricula,clave,nombre,carrera,grado,sexo,situacion,evaluados,num_evaluados,total_evaluaciones,ultimo_acceso,nivel_acceso) VALUES (1026,'LICENCIATURA','valentino.elizaldequintero','111808','TOMAR DEL SND','ELIZALDE QUINTERO VALENTINO','INGENIERIA AEROESPACIAL','4to','MASCULINO','ACTIVO','',0,0,'','ALUMNO'); | M27: =CONCATENATE("update participantes set correo=",C27," where id=",A27,";") -> update participantes set correo='valentino.elizaldequintero' where id=1026;
A28: 1027 | B28: 'LICENCIATURA' | C28: =CONCATENATE("'",Alumnos!E271,"'") -> 'hectorfabian.gonzalezdeloza' | D28: =CONCATENATE(Alumnos!F271,"'") -> '111809' | E28: TOMAR DEL SND' | F28: =CONCATENATE("'",Alumnos!H271,"'") -> 'GONZALEZ DE LOZA HECTOR FABIAN' | G28: =CONCATENATE("'",Alumnos!I271,"'") -> 'INGENIERÍA AUTOMOTRIZ' | H28: =CONCATENATE("'",Alumnos!J271,"'") -> '4to' | I28: =UPPER(CONCATENATE("'",Alumnos!K271,"'")) -> 'MASCULINO' | J28: =UPPER(CONCATENATE("'",Alumnos!L271,"'")) -> 'ACTIVO' | K28: =CONCATENATE(A28,",",B28,",",C28,",",D28,",'",E28,",",F28,",",G28,",",H28,",",UPPER(I28),",",UPPER(J28),",'',0,0,'','ALUMNO'") -> 1027,'LICENCIATURA','hectorfabian.gonzalezdeloza','111809','TOMAR DEL SND','GONZALEZ DE LOZA HECTOR FABIAN','INGENIERÍA AUTOMOTRIZ','4to','MASCULINO','ACTIVO','',0,0,'','ALUMNO' | L28: =CONCATENATE($K$1,K28,");") -> INSERT INTO participantes (id,nivel,correo,matricula,clave,nombre,carrera,grado,sexo,situacion,evaluados,num_evaluados,total_evaluaciones,ultimo_acceso,nivel_acceso) VALUES (1027,'LICENCIATURA','hectorfabian.gonzalezdeloza','111809','TOMAR DEL SND','GONZALEZ DE LOZA HECTOR FABIAN','INGENIERÍA AUTOMOTRIZ','4to','MASCULINO','ACTIVO','',0,0,'','ALUMNO'); | M28: =CONCATENATE("update participantes set correo=",C28," where id=",A28,";") -> update participantes set correo='hectorfabian.gonzalezdeloza' where id=1027;
A29: 1028 | B29: 'LICENCIATURA' | C29: =CONCATENATE("'",Alumnos!E622,"'") -> 'zahirapaulette.enriquezsanchez' | D29: =CONCATENATE(Alumnos!F622,"'") -> '111811' | E29: TOMAR DEL SND' | F29: =CONCATENATE("'",Alumnos!H622,"'") -> 'ENRIQUEZ SANCHEZ ZAHIRA PAULETTE' | G29: =CONCATENATE("'",Alumnos!I622,"'") -> 'ADMINISTRACION Y DIRECCION DE NEGOCIOS' | H29: =CONCATENATE("'",Alumnos!J622,"'") -> '4to' | I29: =UPPER(CONCATENATE("'",Alumnos!K622,"'")) -> 'FEMENINO' | J29: =UPPER(CONCATENATE("'",Alumnos!L622,"'")) -> 'ACTIVO' | K29: =CONCATENATE(A29,",",B29,",",C29,",",D29,",'",E29,",",F29,",",G29,",",H29,",",UPPER(I29),",",UPPER(J29),",'',0,0,'','ALUMNO'") -> 1028,'LICENCIATURA','zahirapaulette.enriquezsanchez','111811','TOMAR DEL SND','ENRIQUEZ SANCHEZ ZAHIRA PAULETTE','ADMINISTRACION Y DIRECCION DE NEGOCIOS','4to','FEMENINO','ACTIVO','',0,0,'','ALUMNO' | L29: =CONCATENATE($K$1,K29,");") -> INSERT INTO participantes (id,nivel,correo,matricula,clave,nombre,carrera,grado,sexo,situacion,evaluados,num_evaluados,total_evaluaciones,ultimo_acceso,nivel_acceso) VALUES (1028,'LICENCIATURA','zahirapaulette.enriquezsanchez','111811','TOMAR DEL SND','ENRIQUEZ SANCHEZ ZAHIRA PAULETTE','ADMINISTRACION Y DIRECCION DE NEGOCIOS','4to','FEMENINO','ACTIVO','',0,0,'','ALUMNO'); | M29: =CONCATENATE("update participantes set correo=",C29," where id=",A29,";") -> update participantes set correo='zahirapaulette.enriquezsanchez' where id=1028;
A30: 1029 | B30: 'LICENCIATURA' | C30: =CONCATENATE("'",Alumnos!E258,"'") -> 'giovanni.dealbatovar' | D30: =CONCATENATE(Alumnos!F258,"'") -> '111812' | E30: TOMAR DEL SND' | F30: =CONCATENATE("'",Alumnos!H258,"'") -> 'DE ALBA TOVAR GIOVANNI' | G30: =CONCATENATE("'",Alumnos!I258,"'") -> 'INGENIERÍA AUTOMOTRIZ' | H30: =CONCATENATE("'",Alumnos!J258,"'") -> '4to' | I30: =UPPER(CONCATENATE("'",Alumnos!K258,"'")) -> 'MASCULINO' | J30: =UPPER(CONCATENATE("'",Alumnos!L258,"'")) -> 'ACTIVO' | K30: =CONCATENATE(A30,",",B30,",",C30,",",D30,",'",E30,",",F30,",",G30,",",H30,",",UPPER(I30),",",UPPER(J30),",'',0,0,'','ALUMNO'") -> 1029,'LICENCIATURA','giovanni.dealbatovar','111812','TOMAR DEL SND','DE ALBA TOVAR GIOVANNI','INGENIERÍA AUTOMOTRIZ','4to','MASCULINO','ACTIVO','',0,0,'','ALUMNO' | L30: =CONCATENATE($K$1,K30,");") -> INSERT INTO participantes (id,nivel,correo,matricula,clave,nombre,carrera,grado,sexo,situacion,evaluados,num_evaluados,total_evaluaciones,ultimo_acceso,nivel_acceso) VALUES (1029,'LICENCIATURA','giovanni.dealbatovar','111812','TOMAR DEL SND','DE ALBA TOVAR GIOVANNI','INGENIERÍA AUTOMOTRIZ','4to','MASCULINO','ACTIVO','',0,0,'','ALUMNO'); | M30: =CONCATENATE("update participantes set correo=",C30," where id=",A30,";") -> update participantes set correo='giovanni.dealbatovar' where id=1029;
A31: 1030 | B31: 'LICENCIATURA' | C31: =CONCATENATE("'",Alumnos!E111,"'") -> 'brendamelissa.soliscerpa' | D31: =CONCATENATE(Alumnos!F111,"'") -> '111815' | E31: TOMAR DEL SND' | F31: =CONCATENATE("'",Alumnos!H111,"'") -> 'SOLIS CERPA BRENDA MELISSA' | G31: =CONCATENATE("'",Alumnos!I111,"'") -> 'PSICOLOGIA' | H31: =CONCATENATE("'",Alumnos!J111,"'") -> '4to' | I31: =UPPER(CONCATENATE("'",Alumnos!K111,"'")) -> 'FEMENINO' | J31: =UPPER(CONCATENATE("'",Alumnos!L111,"'")) -> 'ACTIVO' | K31: =CONCATENATE(A31,",",B31,",",C31,",",D31,",'",E31,",",F31,",",G31,",",H31,",",UPPER(I31),",",UPPER(J31),",'',0,0,'','ALUMNO'") -> 1030,'LICENCIATURA','brendamelissa.soliscerpa','111815','TOMAR DEL SND','SOLIS CERPA BRENDA MELISSA','PSICOLOGIA','4to','FEMENINO','ACTIVO','',0,0,'','ALUMNO' | L31: =CONCATENATE($K$1,K31,");") -> INSERT INTO participantes (id,nivel,correo,matricula,clave,nombre,carrera,grado,sexo,situacion,evaluados,num_evaluados,total_evaluaciones,ultimo_acceso,nivel_acceso) VALUES (1030,'LICENCIATURA','brendamelissa.soliscerpa','111815','TOMAR DEL SND','SOLIS CERPA BRENDA MELISSA','PSICOLOGIA','4to','FEMENINO','ACTIVO','',0,0,'','ALUMNO'); | M31: =CONCATENATE("update participantes set correo=",C31," where id=",A31,";") -> update participantes set correo='brendamelissa.soliscerpa' where id=1030;
A32: 1031 | B32: 'LICENCIATURA' | C32: =CONCATENATE("'",Alumnos!E597,"'") -> 'valeria.castillolopez' | D32: =CONCATENATE(Alumnos!F597,"'") -> '111816' | E32: TOMAR DEL SND' | F32: =CONCATENATE("'",Alumnos!H597,"'") -> 'CASTILLO LOPEZ VALERIA' | G32: =CONCATENATE("'",Alumnos!I597,"'") -> 'ADMINISTRACION Y DIRECCION DE NEGOCIOS' | H32: =CONCATENATE("'",Alumnos!J597,"'") -> '4to' | I32: =UPPER(CONCATENATE("'",Alumnos!K597,"'")) -> 'FEMENINO' | J32: =UPPER(CONCATENATE("'",Alumnos!L597,"'")) -> 'ACTIVO' | K32: =CONCATENATE(A32,",",B32,",",C32,",",D32,",'",E32,",",F32,",",G32,",",H32,",",UPPER(I32),",",UPPER(J32),",'',0,0,'','ALUMNO'") -> 1031,'LICENCIATURA','valeria.castillolopez','111816','TOMAR DEL SND','CASTILLO LOPEZ VALERIA','ADMINISTRACION Y DIRECCION DE NEGOCIOS','4to','FEMENINO','ACTIVO','',0,0,'','ALUMNO' | L32: =CONCATENATE($K$1,K32,");") -> INSERT INTO participantes (id,nivel,correo,matricula,clave,nombre,carrera,grado,sexo,situacion,evaluados,num_evaluados,total_evaluaciones,ultimo_acceso,nivel_acceso) VALUES (1031,'LICENCIATURA','valeria.castillolopez','111816','TOMAR DEL SND','CASTILLO LOPEZ VALERIA','ADMINISTRACION Y DIRECCION DE NEGOCIOS','4to','FEMENINO','ACTIVO','',0,0,'','ALUMNO'); | M32: =CONCATENATE("update participantes set correo=",C32," where id=",A32,";") -> update participantes set correo='valeria.castillolopez' where id=1031;
A33: 1032 | B33: 'LICENCIATURA' | C33: =CONCATENATE("'",Alumnos!E409,"'") -> 'luisalonso.garciagarcia' | D33: =CONCATENATE(Alumnos!F409,"'") -> '111817' | E33: TOMAR DEL SND' | F33: =CONCATENATE("'",Alumnos!H409,"'") -> 'GARCIA GARCIA LUIS ALONSO' | G33: =CONCATENATE("'",Alumnos!I409,"'") -> 'ANIMACION DIGITAL Y VIDEOJUEGOS' | H33: =CONCATENATE("'",Alumnos!J409,"'") -> '4to' | I33: =UPPER(CONCATENATE("'",Alumnos!K409,"'")) -> 'MASCULINO' | J33: =UPPER(CONCATENATE("'",Alumnos!L409,"'")) -> 'ACTIVO' | K33: =CONCATENATE(A33,",",B33,",",C33,",",D33,",'",E33,",",F33,",",G33,",",H33,",",UPPER(I33),",",UPPER(J33),",'',0,0,'','ALUMNO'") -> 1032,'LICENCIATURA','luisalonso.garciagarcia','111817','TOMAR DEL SND','GARCIA GARCIA LUIS ALONSO','ANIMACION DIGITAL Y VIDEOJUEGOS','4to','MASCULINO','ACTIVO','',0,0,'','ALUMNO' | L33: =CONCATENATE($K$1,K33,");") -> INSERT INTO participantes (id,nivel,correo,matricula,clave,nombre,carrera,grado,sexo,situacion,evaluados,num_evaluados,total_evaluaciones,ultimo_acceso,nivel_acceso) VALUES (1032,'LICENCIATURA','luisalonso.garciagarcia','111817','TOMAR DEL SND','GARCIA GARCIA LUIS ALONSO','ANIMACION DIGITAL Y VIDEOJUEGOS','4to','MASCULINO','ACTIVO','',0,0,'','ALUMNO'); | M33: =CONCATENATE("update participantes set correo=",C33," where id=",A33,";") -> update participantes set correo='luisalonso.garciagarcia' where id=1032;
A34: 1033 | B34: 'LICENCIATURA' | C34: =CONCATENATE("'",Alumnos!E25,"'") -> 'alejandra.perezlimon' | D34: =CONCATENATE(Alumnos!F25,"'") -> '111819' | E34: TOMAR DEL SND' | F34: =CONCATENATE("'",Alumnos!H25,"'") -> 'PEREZ LIMON ALEJANDRA' | G34: =CONCATENATE("'",Alumnos!I25,"'") -> 'PSICOLOGIA' | H34: =CONCATENATE("'",Alumnos!J25,"'") -> '4to' | I34: =UPPER(CONCATENATE("'",Alumnos!K25,"'")) -> 'FEMENINO' | J34: =UPPER(CONCATENATE("'",Alumnos!L25,"'")) -> 'ACTIVO' | K34: =CONCATENATE(A34,",",B34,",",C34,",",D34,",'",E34,",",F34,",",G34,",",H34,",",UPPER(I34),",",UPPER(J34),",'',0,0,'','ALUMNO'") -> 1033,'LICENCIATURA','alejandra.perezlimon','111819','TOMAR DEL SND','PEREZ LIMON ALEJANDRA','PSICOLOGIA','4to','FEMENINO','ACTIVO','',0,0,'','ALUMNO' | L34: =CONCATENATE($K$1,K34,");") -> INSERT INTO participantes (id,nivel,correo,matricula,clave,nombre,carrera,grado,sexo,situacion,evaluados,num_evaluados,total_evaluaciones,ultimo_acceso,nivel_acceso) VALUES (1033,'LICENCIATURA','alejandra.perezlimon','111819','TOMAR DEL SND','PEREZ LIMON ALEJANDRA','PSICOLOGIA','4to','FEMENINO','ACTIVO','',0,0,'','ALUMNO'); | M34: =CONCATENATE("update participantes set correo=",C34," where id=",A34,";") -> update participantes set correo='alejandra.perezlimon' where id=1033;
A35: 1034 | B35: 'LICENCIATURA' | C35: =CONCATENATE("'",Alumnos!E307,"'") -> 'jesusandres.moralesreyes' | D35: =CONCATENATE(Alumnos!F307,"'") -> '111820' | E35: TOMAR DEL SND' | F35: =CONCATENATE("'",Alumnos!H307,"'") -> 'MORALES REYES JESUS ANDRES' | G35: =CONCATENATE("'",Alumnos!I307,"'") -> 'PSICOLOGIA' | H35: =CONCATENATE("'",Alumnos!J307,"'") -> '4to' | I35: =UPPER(CONCATENATE("'",Alumnos!K307,"'")) -> 'MASCULINO' | J35: =UPPER(CONCATENATE("'",Alumnos!L307,"'")) -> 'ACTIVO' | K35: =CONCATENATE(A35,",",B35,",",C35,",",D35,",'",E35,",",F35,",",G35,",",H35,",",UPPER(I35),",",UPPER(J35),",'',0,0,'','ALUMNO'") -> 1034,'LICENCIATURA','jesusandres.moralesreyes','111820','TOMAR DEL SND','MORALES REYES JESUS ANDRES','PSICOLOGIA','4to','MASCULINO','ACTIVO','',0,0,'','ALUMNO' | L35: =CONCATENATE($K$1,K35,");") -> INSERT INTO participantes (id,nivel,correo,matricula,clave,nombre,carrera,grado,sexo,situacion,evaluados,num_evaluados,total_evaluaciones,ultimo_acceso,nivel_acceso) VALUES (1034,'LICENCIATURA','jesusandres.moralesreyes','111820','TOMAR DEL SND','MORALES REYES JESUS ANDRES','PSICOLOGIA','4to','MASCULINO','ACTIVO','',0,0,'','ALUMNO'); | M35: =CONCATENATE("update participantes set correo=",C35," where id=",A35,";") -> update participantes set correo='jesusandres.moralesreyes' where id=1034;
A36: 1035 | B36: 'LICENCIATURA' | C36: =CONCATENATE("'",Alumnos!E512,"'") -> 'oscarroberto.gonzalezcampos' | D36: =CONCATENATE(Alumnos!F512,"'") -> '111822' | E36: TOMAR DEL SND' | F36: =CONCATENATE("'",Alumnos!H512,"'") -> 'GONZALEZ CAMPOS OSCAR ROBERTO' | G36: =CONCATENATE("'",Alumnos!I512,"'") -> 'INGENIERÍA AUTOMOTRIZ' | H36: =CONCATENATE("'",Alumnos!J512,"'") -> '4to' | I36: =UPPER(CONCATENATE("'",Alumnos!K512,"'")) -> 'MASCULINO' | J36: =UPPER(CONCATENATE("'",Alumnos!L512,"'")) -> 'BLOQUEADO' | K36: =CONCATENATE(A36,",",B36,",",C36,",",D36,",'",E36,",",F36,",",G36,",",H36,",",UPPER(I36),",",UPPER(J36),",'',0,0,'','ALUMNO'") -> 1035,'LICENCIATURA','oscarroberto.gonzalezcampos','111822','TOMAR DEL SND','GONZALEZ CAMPOS OSCAR ROBERTO','INGENIERÍA AUTOMOTRIZ','4to','MASCULINO','BLOQUEADO','',0,0,'','ALUMNO' | L36: =CONCATENATE($K$1,K36,");") -> INSERT INTO participantes (id,nivel,correo,matricula,clave,nombre,carrera,grado,sexo,situacion,evaluados,num_evaluados,total_evaluaciones,ultimo_acceso,nivel_acceso) VALUES (1035,'LICENCIATURA','oscarroberto.gonzalezcampos','111822','TOMAR DEL SND','GONZALEZ CAMPOS OSCAR ROBERTO','INGENIERÍA AUTOMOTRIZ','4to','MASCULINO','BLOQUEADO','',0,0,'','ALUMNO'); | M36: =CONCATENATE("update participantes set correo=",C36," where id=",A36,";") -> update participantes set correo='oscarroberto.gonzalezcampos' where id=1035;
A37: 1036 | B37: 'LICENCIATURA' | C37: =CONCATENATE("'",Alumnos!E456,"'") -> 'marielcarolina.gonzalezcampos' | D37: =CONCATENATE(Alumnos!F456,"'") -> '111823' | E37: TOMAR DEL SND' | F37: =CONCATENATE("'",Alumnos!H456,"'") -> 'GONZALEZ CAMPOS MARIEL CAROLINA' | G37: =CONCATENATE("'",Alumnos!I456,"'") -> 'ARQUITECTURA' | H37: =CONCATENATE("'",Alumnos!J456,"'") -> '4to' | I37: =UPPER(CONCATENATE("'",Alumnos!K456,"'")) -> 'FEMENINO' | J37: =UPPER(CONCATENATE("'",Alumnos!L456,"'")) -> 'BLOQUEADO' | K37: =CONCATENATE(A37,",",B37,",",C37,",",D37,",'",E37,",",F37,",",G37,",",H37,",",UPPER(I37),",",UPPER(J37),",'',0,0,'','ALUMNO'") -> 1036,'LICENCIATURA','marielcarolina.gonzalezcampos','111823','TOMAR DEL SND','GONZALEZ CAMPOS MARIEL CAROLINA','ARQUITECTURA','4to','FEMENINO','BLOQUEADO','',0,0,'','ALUMNO' | L37: =CONCATENATE($K$1,K37,");") -> INSERT INTO participantes (id,nivel,correo,matricula,clave,nombre,carrera,grado,sexo,situacion,evaluados,num_evaluados,total_evaluaciones,ultimo_acceso,nivel_acceso) VALUES (1036,'LICENCIATURA','marielcarolina.gonzalezcampos','111823','TOMAR DEL SND','GONZALEZ CAMPOS MARIEL CAROLINA','ARQUITECTURA','4to','FEMENINO','BLOQUEADO','',0,0,'','ALUMNO'); | M37: =CONCATENATE("update participantes set correo=",C37," where id=",A37,";") -> update participantes set correo='marielcarolina.gonzalezcampos' where id=1036;
A38: 1037 | B38: 'LICENCIATURA' | C38: =CONCATENATE("'",Alumnos!E480,"'") -> 'miriamalejandra.rodriguezmartinez' | D38: =CONCATENATE(Alumnos!F480,"'") -> '111824' | E38: TOMAR DEL SND' | F38: =CONCATENATE("'",Alumnos!H480,"'") -> 'RODRIGUEZ MARTINEZ MIRIAM ALEJANDRA' | G38: =CONCATENATE("'",Alumnos!I480,"'") -> 'NUTRICION Y GASTRONOMIA' | H38: =CONCATENATE("'",Alumnos!J480,"'") -> '4to' | I38: =UPPER(CONCATENATE("'",Alumnos!K480,"'")) -> 'FEMENINO' | J38: =UPPER(CONCATENATE("'",Alumnos!L480,"'")) -> 'ACTIVO' | K38: =CONCATENATE(A38,",",B38,",",C38,",",D38,",'",E38,",",F38,",",G38,",",H38,",",UPPER(I38),",",UPPER(J38),",'',0,0,'','ALUMNO'") -> 1037,'LICENCIATURA','miriamalejandra.rodriguezmartinez','111824','TOMAR DEL SND','RODRIGUEZ MARTINEZ MIRIAM ALEJANDRA','NUTRICION Y GASTRONOMIA','4to','FEMENINO','ACTIVO','',0,0,'','ALUMNO' | L38: =CONCATENATE($K$1,K38,");") -> INSERT INTO participantes (id,nivel,correo,matricula,clave,nombre,carrera,grado,sexo,situacion,evaluados,num_evaluados,total_evaluaciones,ultimo_acceso,nivel_acceso) VALUES (1037,'LICENCIATURA','miriamalejandra.rodriguezmartinez','111824','TOMAR DEL SND','RODRIGUEZ MARTINEZ MIRIAM ALEJANDRA','NUTRICION Y GASTRONOMIA','4to','FEMENINO','ACTIVO','',0,0,'','ALUMNO'); | M38: =CONCATENATE("update participantes set correo=",C38," where id=",A38,";") -> update participantes set correo='miriamalejandra.rodriguezmartinez' where id=1037;
A39: 1038 | B39: 'LICENCIATURA' | C39: =CONCATENATE("'",Alumnos!E31,"'") -> 'alejandro.solisarriola' | D39: =CONCATENATE(Alumnos!F31,"'") -> '111827' | E39: TOMAR DEL SND' | F39: =CONCATENATE("'",Alumnos!H31,"'") -> 'SOLIS ARRIOLA ALEJANDRO' | G39: =CONCATENATE("'",Alumnos!I31,"'") -> 'ADMINISTRACION Y DIRECCION DE NEGOCIOS' | H39: =CONCATENATE("'",Alumnos!J31,"'") -> '4to' | I39: =UPPER(CONCATENATE("'",Alumnos!K31,"'")) -> 'MASCULINO' | J39: =UPPER(CONCATENATE("'",Alumnos!L31,"'")) -> 'ACTIVO' | K39: =CONCATENATE(A39,",",B39,",",C39,",",D39,",'",E39,",",F39,",",G39,",",H39,",",UPPER(I39),",",UPPER(J39),",'',0,0,'','ALUMNO'") -> 1038,'LICENCIATURA','alejandro.solisarriola','111827','TOMAR DEL SND','SOLIS ARRIOLA ALEJANDRO','ADMINISTRACION Y DIRECCION DE NEGOCIOS','4to','MASCULINO','ACTIVO','',0,0,'','ALUMNO' | L39: =CONCATENATE($K$1,K39,");") -> INSERT INTO participantes (id,nivel,correo,matricula,clave,nombre,carrera,grado,sexo,situacion,evaluados,num_evaluados,total_evaluaciones,ultimo_acceso,nivel_acceso) VALUES (1038,'LICENCIATURA','alejandro.solisarriola','111827','TOMAR DEL SND','SOLIS ARRIOLA ALEJANDRO','ADMINISTRACION Y DIRECCION DE NEGOCIOS','4to','MASCULINO','ACTIVO','',0,0,'','ALUMNO'); | M39: =CONCATENATE("update participantes set correo=",C39," where id=",A39,";") -> update participantes set correo='alejandro.solisarriola' where id=1038;
A40: 1039 | B40: 'LICENCIATURA' | C40: =CONCATENATE("'",Alumnos!E352,"'") -> 'juanluis.preciadovalle' | D40: =CONCATENATE(Alumnos!F352,"'") -> '111830' | E40: TOMAR DEL SND' | F40: =CONCATENATE("'",Alumnos!H352,"'") -> 'PRECIADO VALLE JUAN LUIS' | G40: =CONCATENATE("'",Alumnos!I352,"'") -> 'INGENIERÍA AUTOMOTRIZ' | H40: =CONCATENATE("'",Alumnos!J352,"'") -> '4to' | I40: =UPPER(CONCATENATE("'",Alumnos!K352,"'")) -> 'MASCULINO' | J40: =UPPER(CONCATENATE("'",Alumnos!L352,"'")) -> 'ACTIVO' | K40: =CONCATENATE(A40,",",B40,",",C40,",",D40,",'",E40,",",F40,",",G40,",",H40,",",UPPER(I40),",",UPPER(J40),",'',0,0,'','ALUMNO'") -> 1039,'LICENCIATURA','juanluis.preciadovalle','111830','TOMAR DEL SND','PRECIADO VALLE JUAN LUIS','INGENIERÍA AUTOMOTRIZ','4to','MASCULINO','ACTIVO','',0,0,'','ALUMNO' | L40: =CONCATENATE($K$1,K40,");") -> INSERT INTO participantes (id,nivel,correo,matricula,clave,nombre,carrera,grado,sexo,situacion,evaluados,num_evaluados,total_evaluaciones,ultimo_acceso,nivel_acceso) VALUES (1039,'LICENCIATURA','juanluis.preciadovalle','111830','TOMAR DEL SND','PRECIADO VALLE JUAN LUIS','INGENIERÍA AUTOMOTRIZ','4to','MASCULINO','ACTIVO','',0,0,'','ALUMNO'); | M40: =CONCATENATE("update participantes set correo=",C40," where id=",A40,";") -> update participantes set correo='juanluis.preciadovalle' where id=1039;
A41: 1040 | B41: 'LICENCIATURA' | C41: =CONCATENATE("'",Alumnos!E415,"'") -> 'luisfernando.perezenciso' | D41: =CONCATENATE(Alumnos!F415,"'") -> '111838' | E41: TOMAR DEL SND' | F41: =CONCATENATE("'",Alumnos!H415,"'") -> 'PEREZ ENCISO LUIS FERNANDO' | G41: =CONCATENATE("'",Alumnos!I415,"'") -> 'ARQUITECTURA' | H41: =CONCATENATE("'",Alumnos!J415,"'") -> '4to' | I41: =UPPER(CONCATENATE("'",Alumnos!K415,"'")) -> 'MASCULINO' | J41: =UPPER(CONCATENATE("'",Alumnos!L415,"'")) -> 'ACTIVO' | K41: =CONCATENATE(A41,",",B41,",",C41,",",D41,",'",E41,",",F41,",",G41,",",H41,",",UPPER(I41),",",UPPER(J41),",'',0,0,'','ALUMNO'") -> 1040,'LICENCIATURA','luisfernando.perezenciso','111838','TOMAR DEL SND','PEREZ ENCISO LUIS FERNANDO','ARQUITECTURA','4to','MASCULINO','ACTIVO','',0,0,'','ALUMNO' | L41: =CONCATENATE($K$1,K41,");") -> INSERT INTO participantes (id,nivel,correo,matricula,clave,nombre,carrera,grado,sexo,situacion,evaluados,num_evaluados,total_evaluaciones,ultimo_acceso,nivel_acceso) VALUES (1040,'LICENCIATURA','luisfernando.perezenciso','111838','TOMAR DEL SND','PEREZ ENCISO LUIS FERNANDO','ARQUITECTURA','4to','MASCULINO','ACTIVO','',0,0,'','ALUMNO'); | M41: =CONCATENATE("update participantes set correo=",C41," where id=",A41,";") -> update participantes set correo='luisfernando.perezenciso' where id=1040;
A42: 1041 | B42: 'LICENCIATURA' | C42: =CONCATENATE("'",Alumnos!E75,"'") -> 'angelalexander.virgenserrano' | D42: =CONCATENATE(Alumnos!F75,"'") -> '111839' | E42: TOMAR DEL SND' | F42: =CONCATENATE("'",Alumnos!H75,"'") -> 'VIRGEN SERRANO ANGEL ALEXANDER' | G42: =CONCATENATE("'",Alumnos!I75,"'") -> 'INGENIERIA AEROESPACIAL' | H42: =CONCATENATE("'",Alumnos!J75,"'") -> '4to' | I42: =UPPER(CONCATENATE("'",Alumnos!K75,"'")) -> 'MASCULINO' | J42: =UPPER(CONCATENATE("'",Alumnos!L75,"'")) -> 'ACTIVO' | K42: =CONCATENATE(A42,",",B42,",",C42,",",D42,",'",E42,",",F42,",",G42,",",H42,",",UPPER(I42),",",UPPER(J42),",'',0,0,'','ALUMNO'") -> 1041,'LICENCIATURA','angelalexander.virgenserrano','111839','TOMAR DEL SND','VIRGEN SERRANO ANGEL ALEXANDER','INGENIERIA AEROESPACIAL','4to','MASCULINO','ACTIVO','',0,0,'','ALUMNO' | L42: =CONCATENATE($K$1,K42,");") -> INSERT INTO participantes (id,nivel,correo,matricula,clave,nombre,carrera,grado,sexo,situacion,evaluados,num_evaluados,total_evaluaciones,ultimo_acceso,nivel_acceso) VALUES (1041,'LICENCIATURA','angelalexander.virgenserrano','111839','TOMAR DEL SND','VIRGEN SERRANO ANGEL ALEXANDER','INGENIERIA AEROESPACIAL','4to','MASCULINO','ACTIVO','',0,0,'','ALUMNO'); | M42: =CONCATENATE("update participantes set correo=",C42," where id=",A42,";") -> update participantes set correo='angelalexander.virgenserrano' where id=1041;
A43: 1042 | B43: 'LICENCIATURA' | C43: =CONCATENATE("'",Alumnos!E386,"'") -> 'kevinjosue.morazepeda' | D43: =CONCATENATE(Alumnos!F386,"'") -> '111842' | E43: TOMAR DEL SND' | F43: =CONCATENATE("'",Alumnos!H386,"'") -> 'MORA ZEPEDA KEVIN JOSUE' | G43: =CONCATENATE("'",Alumnos!I386,"'") -> 'ADMINISTRACION Y DIRECCION DE NEGOCIOS' | H43: =CONCATENATE("'",Alumnos!J386,"'") -> '4to' | I43: =UPPER(CONCATENATE("'",Alumnos!K386,"'")) -> 'MASCULINO' | J43: =UPPER(CONCATENATE("'",Alumnos!L386,"'")) -> 'ACTIVO' | K43: =CONCATENATE(A43,",",B43,",",C43,",",D43,",'",E43,",",F43,",",G43,",",H43,",",UPPER(I43),",",UPPER(J43),",'',0,0,'','ALUMNO'") -> 1042,'LICENCIATURA','kevinjosue.morazepeda','111842','TOMAR DEL SND','MORA ZEPEDA KEVIN JOSUE','ADMINISTRACION Y DIRECCION DE NEGOCIOS','4to','MASCULINO','ACTIVO','',0,0,'','ALUMNO' | L43: =CONCATENATE($K$1,K43,");") -> INSERT INTO participantes (id,nivel,correo,matricula,clave,nombre,carrera,grado,sexo,situacion,evaluados,num_evaluados,total_evaluaciones,ultimo_acceso,nivel_acceso) VALUES (1042,'LICENCIATURA','kevinjosue.morazepeda','111842','TOMAR DEL SND','MORA ZEPEDA KEVIN JOSUE','ADMINISTRACION Y DIRECCION DE NEGOCIOS','4to','MASCULINO','ACTIVO','',0,0,'','ALUMNO'); | M43: =CONCATENATE("update participantes set correo=",C43," where id=",A43,";") -> update participantes set correo='kevinjosue.morazepeda' where id=1042;
A44: 1043 | B44: 'LICENCIATURA' | C44: =CONCATENATE("'",Alumnos!E245,"'") -> 'fridasophia.alencastrorojo' | D44: =CONCATENATE(Alumnos!F245,"'") -> '111845' | E44: TOMAR DEL SND' | F44: =CONCATENATE("'",Alumnos!H245,"'") -> 'ALENCASTRO ROJO FRIDA SOPHIA' | G44: =CONCATENATE("'",Alumnos!I245,"'") -> 'ADMINISTRACION Y DIRECCION DE NEGOCIOS' | H44: =CONCATENATE("'",Alumnos!J245,"'") -> '4to' | I44: =UPPER(CONCATENATE("'",Alumnos!K245,"'")) -> 'FEMENINO' | J44: =UPPER(CONCATENATE("'",Alumnos!L245,"'")) -> 'ACTIVO' | K44: =CONCATENATE(A44,",",B44,",",C44,",",D44,",'",E44,",",F44,",",G44,",",H44,",",UPPER(I44),",",UPPER(J44),",'',0,0,'','ALUMNO'") -> 1043,'LICENCIATURA','fridasophia.alencastrorojo','111845','TOMAR DEL SND','ALENCASTRO ROJO FRIDA SOPHIA','ADMINISTRACION Y DIRECCION DE NEGOCIOS','4to','FEMENINO','ACTIVO','',0,0,'','ALUMNO' | L44: =CONCATENATE($K$1,K44,");") -> INSERT INTO participantes (id,nivel,correo,matricula,clave,nombre,carrera,grado,sexo,situacion,evaluados,num_evaluados,total_evaluaciones,ultimo_acceso,nivel_acceso) VALUES (1043,'LICENCIATURA','fridasophia.alencastrorojo','111845','TOMAR DEL SND','ALENCASTRO ROJO FRIDA SOPHIA','ADMINISTRACION Y DIRECCION DE NEGOCIOS','4to','FEMENINO','ACTIVO','',0,0,'','ALUMNO'); | M44: =CONCATENATE("update participantes set correo=",C44," where id=",A44,";") -> update participantes set correo='fridasophia.alencastrorojo' where id=1043;
A45: 1044 | B45: 'LICENCIATURA' | C45: =CONCATENATE("'",Alumnos!E523,"'") -> 'pablooscar.salcidoramos' | D45: =CONCATENATE(Alumnos!F523,"'") -> '111853' | E45: TOMAR DEL SND' | F45: =CONCATENATE("'",Alumnos!H523,"'") -> 'SALCIDO RAMOS PABLO OSCAR' | G45: =CONCATENATE("'",Alumnos!I523,"'") -> 'PSICOLOGIA' | H45: =CONCATENATE("'",Alumnos!J523,"'") -> '4to' | I45: =UPPER(CONCATENATE("'",Alumnos!K523,"'")) -> 'MASCULINO' | J45: =UPPER(CONCATENATE("'",Alumnos!L523,"'")) -> 'ACTIVO' | K45: =CONCATENATE(A45,",",B45,",",C45,",",D45,",'",E45,",",F45,",",G45,",",H45,",",UPPER(I45),",",UPPER(J45),",'',0,0,'','ALUMNO'") -> 1044,'LICENCIATURA','pablooscar.salcidoramos','111853','TOMAR DEL SND','SALCIDO RAMOS PABLO OSCAR','PSICOLOGIA','4to','MASCULINO','ACTIVO','',0,0,'','ALUMNO' | L45: =CONCATENATE($K$1,K45,");") -> INSERT INTO participantes (id,nivel,correo,matricula,clave,nombre,carrera,grado,sexo,situacion,evaluados,num_evaluados,total_evaluaciones,ultimo_acceso,nivel_acceso) VALUES (1044,'LICENCIATURA','pablooscar.salcidoramos','111853','TOMAR DEL SND','SALCIDO RAMOS PABLO OSCAR','PSICOLOGIA','4to','MASCULINO','ACTIVO','',0,0,'','ALUMNO'); | M45: =CONCATENATE("update participantes set correo=",C45," where id=",A45,";") -> update participantes set correo='pablooscar.salcidoramos' where id=1044;
A46: 1045 | B46: 'LICENCIATURA' | C46: =CONCATENATE("'",Alumnos!E149,"'") -> 'damian.martinezalvarado' | D46: =CONCATENATE(Alumnos!F149,"'") -> '111854' | E46: TOMAR DEL SND' | F46: =CONCATENATE("'",Alumnos!H149,"'") -> 'MARTINEZ ALVARADO DAMIAN' | G46: =CONCATENATE("'",Alumnos!I149,"'") -> 'ANIMACION DIGITAL Y VIDEOJUEGOS' | H46: =CONCATENATE("'",Alumnos!J149,"'") -> '4to' | I46: =UPPER(CONCATENATE("'",Alumnos!K149,"'")) -> 'MASCULINO' | J46: =UPPER(CONCATENATE("'",Alumnos!L149,"'")) -> 'ACTIVO' | K46: =CONCATENATE(A46,",",B46,",",C46,",",D46,",'",E46,",",F46,",",G46,",",H46,",",UPPER(I46),",",UPPER(J46),",'',0,0,'','ALUMNO'") -> 1045,'LICENCIATURA','damian.martinezalvarado','111854','TOMAR DEL SND','MARTINEZ ALVARADO DAMIAN','ANIMACION DIGITAL Y VIDEOJUEGOS','4to','MASCULINO','ACTIVO','',0,0,'','ALUMNO' | L46: =CONCATENATE($K$1,K46,");") -> INSERT INTO participantes (id,nivel,correo,matricula,clave,nombre,carrera,grado,sexo,situacion,evaluados,num_evaluados,total_evaluaciones,ultimo_acceso,nivel_acceso) VALUES (1045,'LICENCIATURA','damian.martinezalvarado','111854','TOMAR DEL SND','MARTINEZ ALVARADO DAMIAN','ANIMACION DIGITAL Y VIDEOJUEGOS','4to','MASCULINO','ACTIVO','',0,0,'','ALUMNO'); | M46: =CONCATENATE("update participantes set correo=",C46," where id=",A46,";") -> update participantes set correo='damian.martinezalvarado' where id=1045;
A47: 1046 | B47: 'LICENCIATURA' | C47: =CONCATENATE("'",Alumnos!E99,"'") -> 'bernarda.bautistamariano' | D47: =CONCATENATE(Alumnos!F99,"'") -> '112016' | E47: TOMAR DEL SND' | F47: =CONCATENATE("'",Alumnos!H99,"'") -> 'BAUTISTA MARIANO BERNARDA' | G47: =CONCATENATE("'",Alumnos!I99,"'") -> 'PSICOLOGIA' | H47: =CONCATENATE("'",Alumnos!J99,"'") -> '4to' | I47: =UPPER(CONCATENATE("'",Alumnos!K99,"'")) -> 'FEMENINO' | J47: =UPPER(CONCATENATE("'",Alumnos!L99,"'")) -> 'ACTIVO' | K47: =CONCATENATE(A47,",",B47,",",C47,",",D47,",'",E47,",",F47,",",G47,",",H47,",",UPPER(I47),",",UPPER(J47),",'',0,0,'','ALUMNO'") -> 1046,'LICENCIATURA','bernarda.bautistamariano','112016','TOMAR DEL SND','BAUTISTA MARIANO BERNARDA','PSICOLOGIA','4to','FEMENINO','ACTIVO','',0,0,'','ALUMNO' | L47: =CONCATENATE($K$1,K47,");") -> INSERT INTO participantes (id,nivel,correo,matricula,clave,nombre,carrera,grado,sexo,situacion,evaluados,num_evaluados,total_evaluaciones,ultimo_acceso,nivel_acceso) VALUES (1046,'LICENCIATURA','bernarda.bautistamariano','112016','TOMAR DEL SND','BAUTISTA MARIANO BERNARDA','PSICOLOGIA','4to','FEMENINO','ACTIVO','',0,0,'','ALUMNO'); | M47: =CONCATENATE("update participantes set correo=",C47," where id=",A47,";") -> update participantes set correo='bernarda.bautistamariano' where id=1046;
A48: 1047 | B48: 'LICENCIATURA' | C48: =CONCATENATE("'",Alumnos!E399,"'") -> 'leonardoalejandro.delamorasanchez' | D48: =CONCATENATE(Alumnos!F399,"'") -> '112141' | E48: TOMAR DEL SND' | F48: =CONCATENATE("'",Alumnos!H399,"'") -> 'DE LA MORA SANCHEZ LEONARDO ALEJANDRO' | G48: =CONCATENATE("'",Alumnos!I399,"'") -> 'INGENIERIA AEROESPACIAL' | H48: =CONCATENATE("'",Alumnos!J399,"'") -> '2do' | I48: =UPPER(CONCATENATE("'",Alumnos!K399,"'")) -> 'MASCULINO' | J48: =UPPER(CONCATENATE("'",Alumnos!L399,"'")) -> 'ACTIVO' | K48: =CONCATENATE(A48,",",B48,",",C48,",",D48,",'",E48,",",F48,",",G48,",",H48,",",UPPER(I48),",",UPPER(J48),",'',0,0,'','ALUMNO'") -> 1047,'LICENCIATURA','leonardoalejandro.delamorasanchez','112141','TOMAR DEL SND','DE LA MORA SANCHEZ LEONARDO ALEJANDRO','INGENIERIA AEROESPACIAL','2do','MASCULINO','ACTIVO','',0,0,'','ALUMNO' | L48: =CONCATENATE($K$1,K48,");") -> INSERT INTO participantes (id,nivel,correo,matricula,clave,nombre,carrera,grado,sexo,situacion,evaluados,num_evaluados,total_evaluaciones,ultimo_acceso,nivel_acceso) VALUES (1047,'LICENCIATURA','leonardoalejandro.delamorasanchez','112141','TOMAR DEL SND','DE LA MORA SANCHEZ LEONARDO ALEJANDRO','INGENIERIA AEROESPACIAL','2do','MASCULINO','ACTIVO','',0,0,'','ALUMNO'); | M48: =CONCATENATE("update participantes set correo=",C48," where id=",A48,";") -> update participantes set correo='leonardoalejandro.delamorasanchez' where id=1047;
A49: 1048 | B49: 'LICENCIATURA' | C49: =CONCATENATE("'",Alumnos!E150,"'") -> 'damianedoardo.floresdelira' | D49: =CONCATENATE(Alumnos!F150,"'") -> '112142' | E49: TOMAR DEL SND' | F49: =CONCATENATE("'",Alumnos!H150,"'") -> 'FLORES DE LIRA DAMIAN EDOARDO' | G49: =CONCATENATE("'",Alumnos!I150,"'") -> 'ADMINISTRACION Y DIRECCION DE NEGOCIOS' | H49: =CONCATENATE("'",Alumnos!J150,"'") -> '2do' | I49: =UPPER(CONCATENATE("'",Alumnos!K150,"'")) -> 'MASCULINO' | J49: =UPPER(CONCATENATE("'",Alumnos!L150,"'")) -> 'ACTIVO' | K49: =CONCATENATE(A49,",",B49,",",C49,",",D49,",'",E49,",",F49,",",G49,",",H49,",",UPPER(I49),",",UPPER(J49),",'',0,0,'','ALUMNO'") -> 1048,'LICENCIATURA','damianedoardo.floresdelira','112142','TOMAR DEL SND','FLORES DE LIRA DAMIAN EDOARDO','ADMINISTRACION Y DIRECCION DE NEGOCIOS','2do','MASCULINO','ACTIVO','',0,0,'','ALUMNO' | L49: =CONCATENATE($K$1,K49,");") -> INSERT INTO participantes (id,nivel,correo,matricula,clave,nombre,carrera,grado,sexo,situacion,evaluados,num_evaluados,total_evaluaciones,ultimo_acceso,nivel_acceso) VALUES (1048,'LICENCIATURA','damianedoardo.floresdelira','112142','TOMAR DEL SND','FLORES DE LIRA DAMIAN EDOARDO','ADMINISTRACION Y DIRECCION DE NEGOCIOS','2do','MASCULINO','ACTIVO','',0,0,'','ALUMNO'); | M49: =CONCATENATE("update participantes set correo=",C49," where id=",A49,";") -> update participantes set correo='damianedoardo.floresdelira' where id=1048;
A50: 1049 | B50: 'LICENCIATURA' | C50: =CONCATENATE("'",Alumnos!E136,"'") -> 'chelseavianney.martinezramirez' | D50: =CONCATENATE(Alumnos!F136,"'") -> '112143' | E50: TOMAR DEL SND' | F50: =CONCATENATE("'",Alumnos!H136,"'") -> 'MARTINEZ RAMIREZ CHELSEA VIANNEY' | G50: =CONCATENATE("'",Alumnos!I136,"'") -> 'NUTRICION Y GASTRONOMIA' | H50: =CONCATENATE("'",Alumnos!J136,"'") -> '2do' | I50: =UPPER(CONCATENATE("'",Alumnos!K136,"'")) -> 'FEMENINO' | J50: =UPPER(CONCATENATE("'",Alumnos!L136,"'")) -> 'ACTIVO' | K50: =CONCATENATE(A50,",",B50,",",C50,",",D50,",'",E50,",",F50,",",G50,",",H50,",",UPPER(I50),",",UPPER(J50),",'',0,0,'','ALUMNO'") -> 1049,'LICENCIATURA','chelseavianney.martinezramirez','112143','TOMAR DEL SND','MARTINEZ RAMIREZ CHELSEA VIANNEY','NUTRICION Y GASTRONOMIA','2do','FEMENINO','ACTIVO','',0,0,'','ALUMNO' | L50: =CONCATENATE($K$1,K50,");") -> INSERT INTO participantes (id,nivel,correo,matricula,clave,nombre,carrera,grado,sexo,situacion,evaluados,num_evaluados,total_evaluaciones,ultimo_acceso,nivel_acceso) VALUES (1049,'LICENCIATURA','chelseavianney.martinezramirez','112143','TOMAR DEL SND','MARTINEZ RAMIREZ CHELSEA VIANNEY','NUTRICION Y GASTRONOMIA','2do','FEMENINO','ACTIVO','',0,0,'','ALUMNO'); | M50: =CONCATENATE("update participantes set correo=",C50," where id=",A50,";") -> update participantes set correo='chelseavianney.martinezramirez' where id=1049;
A51: 1050 | B51: 'LICENCIATURA' | C51: =CONCATENATE("'",Alumnos!E203,"'") -> 'eduardoantonio.aguirrerios' | D51: =CONCATENATE(Alumnos!F203,"'") -> '112144' | E51: TOMAR DEL SND' | F51: =CONCATENATE("'",Alumnos!H203,"'") -> 'AGUIRRE RIOS EDUARDO ANTONIO' | G51: =CONCATENATE("'",Alumnos!I203,"'") -> 'ANIMACION DIGITAL Y VIDEOJUEGOS' | H51: =CONCATENATE("'",Alumnos!J203,"'") -> '2do' | I51: =UPPER(CONCATENATE("'",Alumnos!K203,"'")) -> 'MASCULINO' | J51: =UPPER(CONCATENATE("'",Alumnos!L203,"'")) -> 'ACTIVO' | K51: =CONCATENATE(A51,",",B51,",",C51,",",D51,",'",E51,",",F51,",",G51,",",H51,",",UPPER(I51),",",UPPER(J51),",'',0,0,'','ALUMNO'") -> 1050,'LICENCIATURA','eduardoantonio.aguirrerios','112144','TOMAR DEL SND','AGUIRRE RIOS EDUARDO ANTONIO','ANIMACION DIGITAL Y VIDEOJUEGOS','2do','MASCULINO','ACTIVO','',0,0,'','ALUMNO' | L51: =CONCATENATE($K$1,K51,");") -> INSERT INTO participantes (id,nivel,correo,matricula,clave,nombre,carrera,grado,sexo,situacion,evaluados,num_evaluados,total_evaluaciones,ultimo_acceso,nivel_acceso) VALUES (1050,'LICENCIATURA','eduardoantonio.aguirrerios','112144','TOMAR DEL SND','AGUIRRE RIOS EDUARDO ANTONIO','ANIMACION DIGITAL Y VIDEOJUEGOS','2do','MASCULINO','ACTIVO','',0,0,'','ALUMNO'); | M51: =CONCATENATE("update participantes set correo=",C51," where id=",A51,";") -> update participantes set correo='eduardoantonio.aguirrerios' where id=1050;
A52: 1051 | B52: 'LICENCIATURA' | C52: =CONCATENATE("'",Alumnos!E516,"'") -> 'oswaldojosafat.molinazamora' | D52: =CONCATENATE(Alumnos!F516,"'") -> '112145' | E52: TOMAR DEL SND' | F52: =CONCATENATE("'",Alumnos!H516,"'") -> 'MOLINA ZAMORA OSWALDO JOSAFAT' | G52: =CONCATENATE("'",Alumnos!I516,"'") -> 'NUTRICION Y GASTRONOMIA' | H52: =CONCATENATE("'",Alumnos!J516,"'") -> '2do' | I52: =UPPER(CONCATENATE("'",Alumnos!K516,"'")) -> 'MASCULINO' | J52: =UPPER(CONCATENATE("'",Alumnos!L516,"'")) -> 'ACTIVO' | K52: =CONCATENATE(A52,",",B52,",",C52,",",D52,",'",E52,",",F52,",",G52,",",H52,",",UPPER(I52),",",UPPER(J52),",'',0,0,'','ALUMNO'") -> 1051,'LICENCIATURA','oswaldojosafat.molinazamora','112145','TOMAR DEL SND','MOLINA ZAMORA OSWALDO JOSAFAT','NUTRICION Y GASTRONOMIA','2do','MASCULINO','ACTIVO','',0,0,'','ALUMNO' | L52: =CONCATENATE($K$1,K52,");") -> INSERT INTO participantes (id,nivel,correo,matricula,clave,nombre,carrera,grado,sexo,situacion,evaluados,num_evaluados,total_evaluaciones,ultimo_acceso,nivel_acceso) VALUES (1051,'LICENCIATURA','oswaldojosafat.molinazamora','112145','TOMAR DEL SND','MOLINA ZAMORA OSWALDO JOSAFAT','NUTRICION Y GASTRONOMIA','2do','MASCULINO','ACTIVO','',0,0,'','ALUMNO'); | M52: =CONCATENATE("update participantes set correo=",C52," where id=",A52,";") -> update participantes set correo='oswaldojosafat.molinazamora' where id=1051;
A53: 1052 | B53: 'LICENCIATURA' | C53: =CONCATENATE("'",Alumnos!E114,"'") -> 'brendaximena.orozcovizcarra' | D53: =CONCATENATE(Alumnos!F114,"'") -> '112147' | E53: TOMAR DEL SND' | F53: =CONCATENATE("'",Alumnos!H114,"'") -> 'OROZCO VIZCARRA BRENDA XIMENA' | G53: =CONCATENATE("'",Alumnos!I114,"'") -> 'INGENIERÍA AUTOMOTRIZ' | H53: =CONCATENATE("'",Alumnos!J114,"'") -> '2do' | I53: =UPPER(CONCATENATE("'",Alumnos!K114,"'")) -> 'FEMENINO' | J53: =UPPER(CONCATENATE("'",Alumnos!L114,"'")) -> 'ACTIVO' | K53: =CONCATENATE(A53,",",B53,",",C53,",",D53,",'",E53,",",F53,",",G53,",",H53,",",UPPER(I53),",",UPPER(J53),",'',0,0,'','ALUMNO'") -> 1052,'LICENCIATURA','brendaximena.orozcovizcarra','112147','TOMAR DEL SND','OROZCO VIZCARRA BRENDA XIMENA','INGENIERÍA AUTOMOTRIZ','2do','FEMENINO','ACTIVO','',0,0,'','ALUMNO' | L53: =CONCATENATE($K$1,K53,");") -> INSERT INTO participantes (id,nivel,correo,matricula,clave,nombre,carrera,grado,sexo,situacion,evaluados,num_evaluados,total_evaluaciones,ultimo_acceso,nivel_acceso) VALUES (1052,'LICENCIATURA','brendaximena.orozcovizcarra','112147','TOMAR DEL SND','OROZCO VIZCARRA BRENDA XIMENA','INGENIERÍA AUTOMOTRIZ','2do','FEMENINO','ACTIVO','',0,0,'','ALUMNO'); | M53: =CONCATENATE("update participantes set correo=",C53," where id=",A53,";") -> update participantes set correo='brendaximena.orozcovizcarra' where id=1052;
A54: 1053 | B54: 'LICENCIATURA' | C54: =CONCATENATE("'",Alumnos!E589,"'") -> 'ubaldo.avendanopani' | D54: =CONCATENATE(Alumnos!F589,"'") -> '112148' | E54: TOMAR DEL SND' | F54: =CONCATENATE("'",Alumnos!H589,"'") -> 'AVENDAÑO PANI UBALDO' | G54: =CONCATENATE("'",Alumnos!I589,"'") -> 'INGENIERIA AEROESPACIAL' | H54: =CONCATENATE("'",Alumnos!J589,"'") -> '2do' | I54: =UPPER(CONCATENATE("'",Alumnos!K589,"'")) -> 'MASCULINO' | J54: =UPPER(CONCATENATE("'",Alumnos!L589,"'")) -> 'ACTIVO' | K54: =CONCATENATE(A54,",",B54,",",C54,",",D54,",'",E54,",",F54,",",G54,",",H54,",",UPPER(I54),",",UPPER(J54),",'',0,0,'','ALUMNO'") -> 1053,'LICENCIATURA','ubaldo.avendanopani','112148','TOMAR DEL SND','AVENDAÑO PANI UBALDO','INGENIERIA AEROESPACIAL','2do','MASCULINO','ACTIVO','',0,0,'','ALUMNO' | L54: =CONCATENATE($K$1,K54,");") -> INSERT INTO participantes (id,nivel,correo,matricula,clave,nombre,carrera,grado,sexo,situacion,evaluados,num_evaluados,total_evaluaciones,ultimo_acceso,nivel_acceso) VALUES (1053,'LICENCIATURA','ubaldo.avendanopani','112148','TOMAR DEL SND','AVENDAÑO PANI UBALDO','INGENIERIA AEROESPACIAL','2do','MASCULINO','ACTIVO','',0,0,'','ALUMNO'); | M54: =CONCATENATE("update participantes set correo=",C54," where id=",A54,";") -> update participantes set correo='ubaldo.avendanopani' where id=1053;
A55: 1054 | B55: 'LICENCIATURA' | C55: =CONCATENATE("'",Alumnos!E365,"'") -> 'karenguadalupe.ruizmartinez' | D55: =CONCATENATE(Alumnos!F365,"'") -> '112149' | E55: TOMAR DEL SND' | F55: =CONCATENATE("'",Alumnos!H365,"'") -> 'RUIZ MARTINEZ KAREN GUADALUPE' | G55: =CONCATENATE("'",Alumnos!I365,"'") -> 'INGENIERIA AEROESPACIAL' | H55: =CONCATENATE("'",Alumnos!J365,"'") -> '2do' | I55: =UPPER(CONCATENATE("'",Alumnos!K365,"'")) -> 'FEMENINO' | J55: =UPPER(CONCATENATE("'",Alumnos!L365,"'")) -> 'ACTIVO' | K55: =CONCATENATE(A55,",",B55,",",C55,",",D55,",'",E55,",",F55,",",G55,",",H55,",",UPPER(I55),",",UPPER(J55),",'',0,0,'','ALUMNO'") -> 1054,'LICENCIATURA','karenguadalupe.ruizmartinez','112149','TOMAR DEL SND','RUIZ MARTINEZ KAREN GUADALUPE','INGENIERIA AEROESPACIAL','2do','FEMENINO','ACTIVO','',0,0,'','ALUMNO' | L55: =CONCATENATE($K$1,K55,");") -> INSERT INTO participantes (id,nivel,correo,matricula,clave,nombre,carrera,grado,sexo,situacion,evaluados,num_evaluados,total_evaluaciones,ultimo_acceso,nivel_acceso) VALUES (1054,'LICENCIATURA','karenguadalupe.ruizmartinez','112149','TOMAR DEL SND','RUIZ MARTINEZ KAREN GUADALUPE','INGENIERIA AEROESPACIAL','2do','FEMENINO','ACTIVO','',0,0,'','ALUMNO'); | M55: =CONCATENATE("update participantes set correo=",C55," where id=",A55,";") -> update participantes set correo='karenguadalupe.ruizmartinez' where id=1054;
A56: 1055 | B56: 'LICENCIATURA' | C56: =CONCATENATE("'",Alumnos!E543,"'") -> 'renatagabriela.careyramirez' | D56: =CONCATENATE(Alumnos!F543,"'") -> '112150' | E56: TOMAR DEL SND' | F56: =CONCATENATE("'",Alumnos!H543,"'") -> 'CAREY RAMIREZ RENATA GABRIELA' | G56: =CONCATENATE("'",Alumnos!I543,"'") -> 'ANIMACION DIGITAL Y VIDEOJUEGOS' | H56: =CONCATENATE("'",Alumnos!J543,"'") -> '2do' | I56: =UPPER(CONCATENATE("'",Alumnos!K543,"'")) -> 'FEMENINO' | J56: =UPPER(CONCATENATE("'",Alumnos!L543,"'")) -> 'ACTIVO' | K56: =CONCATENATE(A56,",",B56,",",C56,",",D56,",'",E56,",",F56,",",G56,",",H56,",",UPPER(I56),",",UPPER(J56),",'',0,0,'','ALUMNO'") -> 1055,'LICENCIATURA','renatagabriela.careyramirez','112150','TOMAR DEL SND','CAREY RAMIREZ RENATA GABRIELA','ANIMACION DIGITAL Y VIDEOJUEGOS','2do','FEMENINO','ACTIVO','',0,0,'','ALUMNO' | L56: =CONCATENATE($K$1,K56,");") -> INSERT INTO participantes (id,nivel,correo,matricula,clave,nombre,carrera,grado,sexo,situacion,evaluados,num_evaluados,total_evaluaciones,ultimo_acceso,nivel_acceso) VALUES (1055,'LICENCIATURA','renatagabriela.careyramirez','112150','TOMAR DEL SND','CAREY RAMIREZ RENATA GABRIELA','ANIMACION DIGITAL Y VIDEOJUEGOS','2do','FEMENINO','ACTIVO','',0,0,'','ALUMNO'); | M56: =CONCATENATE("update participantes set correo=",C56," where id=",A56,";") -> update participantes set correo='renatagabriela.careyramirez' where id=1055;
A57: 1056 | B57: 'LICENCIATURA' | C57: =CONCATENATE("'",Alumnos!E467,"'") -> 'maximiliano.resendizpina' | D57: =CONCATENATE(Alumnos!F467,"'") -> '112151' | E57: TOMAR DEL SND' | F57: =CONCATENATE("'",Alumnos!H467,"'") -> 'RESENDIZ PIÑA MAXIMILIANO' | G57: =CONCATENATE("'",Alumnos!I467,"'") -> 'INGENIERÍA AUTOMOTRIZ' | H57: =CONCATENATE("'",Alumnos!J467,"'") -> '2do' | I57: =UPPER(CONCATENATE("'",Alumnos!K467,"'")) -> 'MASCULINO' | J57: =UPPER(CONCATENATE("'",Alumnos!L467,"'")) -> 'ACTIVO' | K57: =CONCATENATE(A57,",",B57,",",C57,",",D57,",'",E57,",",F57,",",G57,",",H57,",",UPPER(I57),",",UPPER(J57),",'',0,0,'','ALUMNO'") -> 1056,'LICENCIATURA','maximiliano.resendizpina','112151','TOMAR DEL SND','RESENDIZ PIÑA MAXIMILIANO','INGENIERÍA AUTOMOTRIZ','2do','MASCULINO','ACTIVO','',0,0,'','ALUMNO' | L57: =CONCATENATE($K$1,K57,");") -> INSERT INTO participantes (id,nivel,correo,matricula,clave,nombre,carrera,grado,sexo,situacion,evaluados,num_evaluados,total_evaluaciones,ultimo_acceso,nivel_acceso) VALUES (1056,'LICENCIATURA','maximiliano.resendizpina','112151','TOMAR DEL SND','RESENDIZ PIÑA MAXIMILIANO','INGENIERÍA AUTOMOTRIZ','2do','MASCULINO','ACTIVO','',0,0,'','ALUMNO'); | M57: =CONCATENATE("update participantes set correo=",C57," where id=",A57,";") -> update participantes set correo='maximiliano.resendizpina' where id=1056;
A58: 1057 | B58: 'LICENCIATURA' | C58: =CONCATENATE("'",Alumnos!E100,"'") -> 'bernardo.dessavregonzalez' | D58: =CONCATENATE(Alumnos!F100,"'") -> '112152' | E58: TOMAR DEL SND' | F58: =CONCATENATE("'",Alumnos!H100,"'") -> 'DESSAVRE GONZALEZ BERNARDO' | G58: =CONCATENATE("'",Alumnos!I100,"'") -> 'INGENIERIA AEROESPACIAL' | H58: =CONCATENATE("'",Alumnos!J100,"'") -> '2do' | I58: =UPPER(CONCATENATE("'",Alumnos!K100,"'")) -> 'MASCULINO' | J58: =UPPER(CONCATENATE("'",Alumnos!L100,"'")) -> 'ACTIVO' | K58: =CONCATENATE(A58,",",B58,",",C58,",",D58,",'",E58,",",F58,",",G58,",",H58,",",UPPER(I58),",",UPPER(J58),",'',0,0,'','ALUMNO'") -> 1057,'LICENCIATURA','bernardo.dessavregonzalez','112152','TOMAR DEL SND','DESSAVRE GONZALEZ BERNARDO','INGENIERIA AEROESPACIAL','2do','MASCULINO','ACTIVO','',0,0,'','ALUMNO' | L58: =CONCATENATE($K$1,K58,");") -> INSERT INTO participantes (id,nivel,correo,matricula,clave,nombre,carrera,grado,sexo,situacion,evaluados,num_evaluados,total_evaluaciones,ultimo_acceso,nivel_acceso) VALUES (1057,'LICENCIATURA','bernardo.dessavregonzalez','112152','TOMAR DEL SND','DESSAVRE GONZALEZ BERNARDO','INGENIERIA AEROESPACIAL','2do','MASCULINO','ACTIVO','',0,0,'','ALUMNO'); | M58: =CONCATENATE("update participantes set correo=",C58," where id=",A58,";") -> update participantes set correo='bernardo.dessavregonzalez' where id=1057;
A59: 1058 | B59: 'LICENCIATURA' | C59: =CONCATENATE("'",Alumnos!E527,"'") -> 'paola.floreszavaleta' | D59: =CONCATENATE(Alumnos!F527,"'") -> '112154' | E59: TOMAR DEL SND' | F59: =CONCATENATE("'",Alumnos!H527,"'") -> 'FLORES ZAVALETA PAOLA' | G59: =CONCATENATE("'",Alumnos!I527,"'") -> 'NUTRICION Y GASTRONOMIA' | H59: =CONCATENATE("'",Alumnos!J527,"'") -> '2do' | I59: =UPPER(CONCATENATE("'",Alumnos!K527,"'")) -> 'FEMENINO' | J59: =UPPER(CONCATENATE("'",Alumnos!L527,"'")) -> 'ACTIVO' | K59: =CONCATENATE(A59,",",B59,",",C59,",",D59,",'",E59,",",F59,",",G59,",",H59,",",UPPER(I59),",",UPPER(J59),",'',0,0,'','ALUMNO'") -> 1058,'LICENCIATURA','paola.floreszavaleta','112154','TOMAR DEL SND','FLORES ZAVALETA PAOLA','NUTRICION Y GASTRONOMIA','2do','FEMENINO','ACTIVO','',0,0,'','ALUMNO' | L59: =CONCATENATE($K$1,K59,");") -> INSERT INTO participantes (id,nivel,correo,matricula,clave,nombre,carrera,grado,sexo,situacion,evaluados,num_evaluados,total_evaluaciones,ultimo_acceso,nivel_acceso) VALUES (1058,'LICENCIATURA','paola.floreszavaleta','112154','TOMAR DEL SND','FLORES ZAVALETA PAOLA','NUTRICION Y GASTRONOMIA','2do','FEMENINO','ACTIVO','',0,0,'','ALUMNO'); | M59: =CONCATENATE("update participantes set correo=",C59," where id=",A59,";") -> update participantes set correo='paola.floreszavaleta' where id=1058;
A60: 1059 | B60: 'LICENCIATURA' | C60: =CONCATENATE("'",Alumnos!E3,"'") -> 'abigail.mendozavillela' | D60: =CONCATENATE(Alumnos!F3,"'") -> '112156' | E60: TOMAR DEL SND' | F60: =CONCATENATE("'",Alumnos!H3,"'") -> 'MENDOZA VILLELA ABIGAIL' | G60: =CONCATENATE("'",Alumnos!I3,"'") -> 'PSICOLOGIA' | H60: =CONCATENATE("'",Alumnos!J3,"'") -> '2do' | I60: =UPPER(CONCATENATE("'",Alumnos!K3,"'")) -> 'FEMENINO' | J60: =UPPER(CONCATENATE("'",Alumnos!L3,"'")) -> 'ACTIVO' | K60: =CONCATENATE(A60,",",B60,",",C60,",",D60,",'",E60,",",F60,",",G60,",",H60,",",UPPER(I60),",",UPPER(J60),",'',0,0,'','ALUMNO'") -> 1059,'LICENCIATURA','abigail.mendozavillela','112156','TOMAR DEL SND','MENDOZA VILLELA ABIGAIL','PSICOLOGIA','2do','FEMENINO','ACTIVO','',0,0,'','ALUMNO' | L60: =CONCATENATE($K$1,K60,");") -> INSERT INTO participantes (id,nivel,correo,matricula,clave,nombre,carrera,grado,sexo,situacion,evaluados,num_evaluados,total_evaluaciones,ultimo_acceso,nivel_acceso) VALUES (1059,'LICENCIATURA','abigail.mendozavillela','112156','TOMAR DEL SND','MENDOZA VILLELA ABIGAIL','PSICOLOGIA','2do','FEMENINO','ACTIVO','',0,0,'','ALUMNO'); | M60: =CONCATENATE("update participantes set correo=",C60," where id=",A60,";") -> update participantes set correo='abigail.mendozavillela' where id=1059;
A61: 1060 | B61: 'LICENCIATURA' | C61: =CONCATENATE("'",Alumnos!E466,"'") -> 'mauro.garcianavarro' | D61: =CONCATENATE(Alumnos!F466,"'") -> '112157' | E61: TOMAR DEL SND' | F61: =CONCATENATE("'",Alumnos!H466,"'") -> 'GARCIA NAVARRO MAURO' | G61: =CONCATENATE("'",Alumnos!I466,"'") -> 'NUTRICION Y GASTRONOMIA' | H61: =CONCATENATE("'",Alumnos!J466,"'") -> '2do' | I61: =UPPER(CONCATENATE("'",Alumnos!K466,"'")) -> 'MASCULINO' | J61: =UPPER(CONCATENATE("'",Alumnos!L466,"'")) -> 'ACTIVO' | K61: =CONCATENATE(A61,",",B61,",",C61,",",D61,",'",E61,",",F61,",",G61,",",H61,",",UPPER(I61),",",UPPER(J61),",'',0,0,'','ALUMNO'") -> 1060,'LICENCIATURA','mauro.garcianavarro','112157','TOMAR DEL SND','GARCIA NAVARRO MAURO','NUTRICION Y GASTRONOMIA','2do','MASCULINO','ACTIVO','',0,0,'','ALUMNO' | L61: =CONCATENATE($K$1,K61,");") -> INSERT INTO participantes (id,nivel,correo,matricula,clave,nombre,carrera,grado,sexo,situacion,evaluados,num_evaluados,total_evaluaciones,ultimo_acceso,nivel_acceso) VALUES (1060,'LICENCIATURA','mauro.garcianavarro','112157','TOMAR DEL SND','GARCIA NAVARRO MAURO','NUTRICION Y GASTRONOMIA','2do','MASCULINO','ACTIVO','',0,0,'','ALUMNO'); | M61: =CONCATENATE("update participantes set correo=",C61," where id=",A61,";") -> update participantes set correo='mauro.garcianavarro' where id=1060;
A62: 1061 | B62: 'LICENCIATURA' | C62: =CONCATENATE("'",Alumnos!E275,"'") -> 'hugofernando.carbajalvalencia' | D62: =CONCATENATE(Alumnos!F275,"'") -> '112158' | E62: TOMAR DEL SND' | F62: =CONCATENATE("'",Alumnos!H275,"'") -> 'CARBAJAL VALENCIA HUGO FERNANDO' | G62: =CONCATENATE("'",Alumnos!I275,"'") -> 'ANIMACION DIGITAL Y VIDEOJUEGOS' | H62: =CONCATENATE("'",Alumnos!J275,"'") -> '2do' | I62: =UPPER(CONCATENATE("'",Alumnos!K275,"'")) -> 'MASCULINO' | J62: =UPPER(CONCATENATE("'",Alumnos!L275,"'")) -> 'ACTIVO' | K62: =CONCATENATE(A62,",",B62,",",C62,",",D62,",'",E62,",",F62,",",G62,",",H62,",",UPPER(I62),",",UPPER(J62),",'',0,0,'','ALUMNO'") -> 1061,'LICENCIATURA','hugofernando.carbajalvalencia','112158','TOMAR DEL SND','CARBAJAL VALENCIA HUGO FERNANDO','ANIMACION DIGITAL Y VIDEOJUEGOS','2do','MASCULINO','ACTIVO','',0,0,'','ALUMNO' | L62: =CONCATENATE($K$1,K62,");") -> INSERT INTO participantes (id,nivel,correo,matricula,clave,nombre,carrera,grado,sexo,situacion,evaluados,num_evaluados,total_evaluaciones,ultimo_acceso,nivel_acceso) VALUES (1061,'LICENCIATURA','hugofernando.carbajalvalencia','112158','TOMAR DEL SND','CARBAJAL VALENCIA HUGO FERNANDO','ANIMACION DIGITAL Y VIDEOJUEGOS','2do','MASCULINO','ACTIVO','',0,0,'','ALUMNO'); | M62: =CONCATENATE("update participantes set correo=",C62," where id=",A62,";") -> update participantes set correo='hugofernando.carbajalvalencia' where id=1061;
A63: 1062 | B63: 'LICENCIATURA' | C63: =CONCATENATE("'",Alumnos!E545,"'") -> 'ricardo.raygozagomez' | D63: =CONCATENATE(Alumnos!F545,"'") -> '112159' | E63: TOMAR DEL SND' | F63: =CONCATENATE("'",Alumnos!H545,"'") -> 'RAYGOZA GOMEZ RICARDO' | G63: =CONCATENATE("'",Alumnos!I545,"'") -> 'INGENIERÍA EN INTELIGENCIA ARTIFICIAL' | H63: =CONCATENATE("'",Alumnos!J545,"'") -> '2do' | I63: =UPPER(CONCATENATE("'",Alumnos!K545,"'")) -> 'MASCULINO' | J63: =UPPER(CONCATENATE("'",Alumnos!L545,"'")) -> 'ACTIVO' | K63: =CONCATENATE(A63,",",B63,",",C63,",",D63,",'",E63,",",F63,",",G63,",",H63,",",UPPER(I63),",",UPPER(J63),",'',0,0,'','ALUMNO'") -> 1062,'LICENCIATURA','ricardo.raygozagomez','112159','TOMAR DEL SND','RAYGOZA GOMEZ RICARDO','INGENIERÍA EN INTELIGENCIA ARTIFICIAL','2do','MASCULINO','ACTIVO','',0,0,'','ALUMNO' | L63: =CONCATENATE($K$1,K63,");") -> INSERT INTO participantes (id,nivel,correo,matricula,clave,nombre,carrera,grado,sexo,situacion,evaluados,num_evaluados,total_evaluaciones,ultimo_acceso,nivel_acceso) VALUES (1062,'LICENCIATURA','ricardo.raygozagomez','112159','TOMAR DEL SND','RAYGOZA GOMEZ RICARDO','INGENIERÍA EN INTELIGENCIA ARTIFICIAL','2do','MASCULINO','ACTIVO','',0,0,'','ALUMNO'); | M63: =CONCATENATE("update participantes set correo=",C63," where id=",A63,";") -> update participantes set correo='ricardo.raygozagomez' where id=1062;
A64: 1063 | B64: 'LICENCIATURA' | C64: =CONCATENATE("'",Alumnos!E18,"'") -> 'alan.angulojimenez' | D64: =CONCATENATE(Alumnos!F18,"'") -> '112160' | E64: TOMAR DEL SND' | F64: =CONCATENATE("'",Alumnos!H18,"'") -> 'ANGULO JIMENEZ ALAN' | G64: =CONCATENATE("'",Alumnos!I18,"'") -> 'INGENIERÍA EN INTELIGENCIA ARTIFICIAL' | H64: =CONCATENATE("'",Alumnos!J18,"'") -> '2do' | I64: =UPPER(CONCATENATE("'",Alumnos!K18,"'")) -> 'MASCULINO' | J64: =UPPER(CONCATENATE("'",Alumnos!L18,"'")) -> 'ACTIVO' | K64: =CONCATENATE(A64,",",B64,",",C64,",",D64,",'",E64,",",F64,",",G64,",",H64,",",UPPER(I64),",",UPPER(J64),",'',0,0,'','ALUMNO'") -> 1063,'LICENCIATURA','alan.angulojimenez','112160','TOMAR DEL SND','ANGULO JIMENEZ ALAN','INGENIERÍA EN INTELIGENCIA ARTIFICIAL','2do','MASCULINO','ACTIVO','',0,0,'','ALUMNO' | L64: =CONCATENATE($K$1,K64,");") -> INSERT INTO participantes (id,nivel,correo,matricula,clave,nombre,carrera,grado,sexo,situacion,evaluados,num_evaluados,total_evaluaciones,ultimo_acceso,nivel_acceso) VALUES (1063,'LICENCIATURA','alan.angulojimenez','112160','TOMAR DEL SND','ANGULO JIMENEZ ALAN','INGENIERÍA EN INTELIGENCIA ARTIFICIAL','2do','MASCULINO','ACTIVO','',0,0,'','ALUMNO'); | M64: =CONCATENATE("update participantes set correo=",C64," where id=",A64,";") -> update participantes set correo='alan.angulojimenez' where id=1063;
A65: 1064 | B65: 'LICENCIATURA' | C65: =CONCATENATE("'",Alumnos!E193,"'") -> 'diegoeduardo.bolanoscarrillo' | D65: =CONCATENATE(Alumnos!F193,"'") -> '112161' | E65: TOMAR DEL SND' | F65: =CONCATENATE("'",Alumnos!H193,"'") -> 'BOLAÑOS CARRILLO DIEGO EDUARDO' | G65: =CONCATENATE("'",Alumnos!I193,"'") -> 'INGENIERÍA AUTOMOTRIZ' | H65: =CONCATENATE("'",Alumnos!J193,"'") -> '2do' | I65: =UPPER(CONCATENATE("'",Alumnos!K193,"'")) -> 'MASCULINO' | J65: =UPPER(CONCATENATE("'",Alumnos!L193,"'")) -> 'ACTIVO' | K65: =CONCATENATE(A65,",",B65,",",C65,",",D65,",'",E65,",",F65,",",G65,",",H65,",",UPPER(I65),",",UPPER(J65),",'',0,0,'','ALUMNO'") -> 1064,'LICENCIATURA','diegoeduardo.bolanoscarrillo','112161','TOMAR DEL SND','BOLAÑOS CARRILLO DIEGO EDUARDO','INGENIERÍA AUTOMOTRIZ','2do','MASCULINO','ACTIVO','',0,0,'','ALUMNO' | L65: =CONCATENATE($K$1,K65,");") -> INSERT INTO participantes (id,nivel,correo,matricula,clave,nombre,carrera,grado,sexo,situacion,evaluados,num_evaluados,total_evaluaciones,ultimo_acceso,nivel_acceso) VALUES (1064,'LICENCIATURA','diegoeduardo.bolanoscarrillo','112161','TOMAR DEL SND','BOLAÑOS CARRILLO DIEGO EDUARDO','INGENIERÍA AUTOMOTRIZ','2do','MASCULINO','ACTIVO','',0,0,'','ALUMNO'); | M65: =CONCATENATE("update participantes set correo=",C65," where id=",A65,";") -> update participantes set correo='diegoeduardo.bolanoscarrillo' where id=1064;
A66: 1065 | B66: 'LICENCIATURA' | C66: =CONCATENATE("'",Alumnos!E619,"'") -> 'yessikamichell.sanchezrangel' | D66: =CONCATENATE(Alumnos!F619,"'") -> '112162' | E66: TOMAR DEL SND' | F66: =CONCATENATE("'",Alumnos!H619,"'") -> 'SANCHEZ RANGEL YESSIKA MICHELL' | G66: =CONCATENATE("'",Alumnos!I619,"'") -> 'INGENIERÍA EN INTELIGENCIA ARTIFICIAL' | H66: =CONCATENATE("'",Alumnos!J619,"'") -> '2do' | I66: =UPPER(CONCATENATE("'",Alumnos!K619,"'")) -> 'FEMENINO' | J66: =UPPER(CONCATENATE("'",Alumnos!L619,"'")) -> 'ACTIVO' | K66: =CONCATENATE(A66,",",B66,",",C66,",",D66,",'",E66,",",F66,",",G66,",",H66,",",UPPER(I66),",",UPPER(J66),",'',0,0,'','ALUMNO'") -> 1065,'LICENCIATURA','yessikamichell.sanchezrangel','112162','TOMAR DEL SND','SANCHEZ RANGEL YESSIKA MICHELL','INGENIERÍA EN INTELIGENCIA ARTIFICIAL','2do','FEMENINO','ACTIVO','',0,0,'','ALUMNO' | L66: =CONCATENATE($K$1,K66,");") -> INSERT INTO participantes (id,nivel,correo,matricula,clave,nombre,carrera,grado,sexo,situacion,evaluados,num_evaluados,total_evaluaciones,ultimo_acceso,nivel_acceso) VALUES (1065,'LICENCIATURA','yessikamichell.sanchezrangel','112162','TOMAR DEL SND','SANCHEZ RANGEL YESSIKA MICHELL','INGENIERÍA EN INTELIGENCIA ARTIFICIAL','2do','FEMENINO','ACTIVO','',0,0,'','ALUMNO'); | M66: =CONCATENATE("update participantes set correo=",C66," where id=",A66,";") -> update participantes set correo='yessikamichell.sanchezrangel' where id=1065;
A67: 1066 | B67: 'LICENCIATURA' | C67: =CONCATENATE("'",Alumnos!E93,"'") -> 'armando.gonzalezhernandez' | D67: =CONCATENATE(Alumnos!F93,"'") -> '112163' | E67: TOMAR DEL SND' | F67: =CONCATENATE("'",Alumnos!H93,"'") -> 'GONZALEZ HERNANDEZ ARMANDO' | G67: =CONCATENATE("'",Alumnos!I93,"'") -> 'INGENIERÍA EN INTELIGENCIA ARTIFICIAL' | H67: =CONCATENATE("'",Alumnos!J93,"'") -> '2do' | I67: =UPPER(CONCATENATE("'",Alumnos!K93,"'")) -> 'MASCULINO' | J67: =UPPER(CONCATENATE("'",Alumnos!L93,"'")) -> 'ACTIVO' | K67: =CONCATENATE(A67,",",B67,",",C67,",",D67,",'",E67,",",F67,",",G67,",",H67,",",UPPER(I67),",",UPPER(J67),",'',0,0,'','ALUMNO'") -> 1066,'LICENCIATURA','armando.gonzalezhernandez','112163','TOMAR DEL SND','GONZALEZ HERNANDEZ ARMANDO','INGENIERÍA EN INTELIGENCIA ARTIFICIAL','2do','MASCULINO','ACTIVO','',0,0,'','ALUMNO' | L67: =CONCATENATE($K$1,K67,");") -> INSERT INTO participantes (id,nivel,correo,matricula,clave,nombre,carrera,grado,sexo,situacion,evaluados,num_evaluados,total_evaluaciones,ultimo_acceso,nivel_acceso) VALUES (1066,'LICENCIATURA','armando.gonzalezhernandez','112163','TOMAR DEL SND','GONZALEZ HERNANDEZ ARMANDO','INGENIERÍA EN INTELIGENCIA ARTIFICIAL','2do','MASCULINO','ACTIVO','',0,0,'','ALUMNO'); | M67: =CONCATENATE("update participantes set correo=",C67," where id=",A67,";") -> update participantes set correo='armando.gonzalezhernandez' where id=1066;
A68: 1067 | B68: 'LICENCIATURA' | C68: =CONCATENATE("'",Alumnos!E248,"'") -> 'gabrielomar.hernandezgarcia' | D68: =CONCATENATE(Alumnos!F248,"'") -> '112164' | E68: TOMAR DEL SND' | F68: =CONCATENATE("'",Alumnos!H248,"'") -> 'HERNANDEZ GARCIA GABRIEL OMAR' | G68: =CONCATENATE("'",Alumnos!I248,"'") -> 'INGENIERÍA EN INTELIGENCIA ARTIFICIAL' | H68: =CONCATENATE("'",Alumnos!J248,"'") -> '2do' | I68: =UPPER(CONCATENATE("'",Alumnos!K248,"'")) -> 'MASCULINO' | J68: =UPPER(CONCATENATE("'",Alumnos!L248,"'")) -> 'ACTIVO' | K68: =CONCATENATE(A68,",",B68,",",C68,",",D68,",'",E68,",",F68,",",G68,",",H68,",",UPPER(I68),",",UPPER(J68),",'',0,0,'','ALUMNO'") -> 1067,'LICENCIATURA','gabrielomar.hernandezgarcia','112164','TOMAR DEL SND','HERNANDEZ GARCIA GABRIEL OMAR','INGENIERÍA EN INTELIGENCIA ARTIFICIAL','2do','MASCULINO','ACTIVO','',0,0,'','ALUMNO' | L68: =CONCATENATE($K$1,K68,");") -> INSERT INTO participantes (id,nivel,correo,matricula,clave,nombre,carrera,grado,sexo,situacion,evaluados,num_evaluados,total_evaluaciones,ultimo_acceso,nivel_acceso) VALUES (1067,'LICENCIATURA','gabrielomar.hernandezgarcia','112164','TOMAR DEL SND','HERNANDEZ GARCIA GABRIEL OMAR','INGENIERÍA EN INTELIGENCIA ARTIFICIAL','2do','MASCULINO','ACTIVO','',0,0,'','ALUMNO'); | M68: =CONCATENATE("update participantes set correo=",C68," where id=",A68,";") -> update participantes set correo='gabrielomar.hernandezgarcia' where id=1067;
A69: 1068 | B69: 'LICENCIATURA' | C69: =CONCATENATE("'",Alumnos!E285,"'") -> 'israel.centenorea' | D69: =CONCATENATE(Alumnos!F285,"'") -> '112165' | E69: TOMAR DEL SND' | F69: =CONCATENATE("'",Alumnos!H285,"'") -> 'CENTENO REA ISRAEL' | G69: =CONCATENATE("'",Alumnos!I285,"'") -> 'ARQUITECTURA' | H69: =CONCATENATE("'",Alumnos!J285,"'") -> '2do' | I69: =UPPER(CONCATENATE("'",Alumnos!K285,"'")) -> 'MASCULINO' | J69: =UPPER(CONCATENATE("'",Alumnos!L285,"'")) -> 'ACTIVO' | K69: =CONCATENATE(A69,",",B69,",",C69,",",D69,",'",E69,",",F69,",",G69,",",H69,",",UPPER(I69),",",UPPER(J69),",'',0,0,'','ALUMNO'") -> 1068,'LICENCIATURA','israel.centenorea','112165','TOMAR DEL SND','CENTENO REA ISRAEL','ARQUITECTURA','2do','MASCULINO','ACTIVO','',0,0,'','ALUMNO' | L69: =CONCATENATE($K$1,K69,");") -> INSERT INTO participantes (id,nivel,correo,matricula,clave,nombre,carrera,grado,sexo,situacion,evaluados,num_evaluados,total_evaluaciones,ultimo_acceso,nivel_acceso) VALUES (1068,'LICENCIATURA','israel.centenorea','112165','TOMAR DEL SND','CENTENO REA ISRAEL','ARQUITECTURA','2do','MASCULINO','ACTIVO','',0,0,'','ALUMNO'); | M69: =CONCATENATE("update participantes set correo=",C69," where id=",A69,";") -> update participantes set correo='israel.centenorea' where id=1068;
A70: 1069 | B70: 'LICENCIATURA' | C70: =CONCATENATE("'",Alumnos!E19,"'") -> 'alanenrique.vazquezgarcia' | D70: =CONCATENATE(Alumnos!F19,"'") -> '112166' | E70: TOMAR DEL SND' | F70: =CONCATENATE("'",Alumnos!H19,"'") -> 'VAZQUEZ GARCIA ALAN ENRIQUE' | G70: =CONCATENATE("'",Alumnos!I19,"'") -> 'INGENIERÍA AUTOMOTRIZ' | H70: =CONCATENATE("'",Alumnos!J19,"'") -> '2do' | I70: =UPPER(CONCATENATE("'",Alumnos!K19,"'")) -> 'MASCULINO' | J70: =UPPER(CONCATENATE("'",Alumnos!L19,"'")) -> 'ACTIVO' | K70: =CONCATENATE(A70,",",B70,",",C70,",",D70,",'",E70,",",F70,",",G70,",",H70,",",UPPER(I70),",",UPPER(J70),",'',0,0,'','ALUMNO'") -> 1069,'LICENCIATURA','alanenrique.vazquezgarcia','112166','TOMAR DEL SND','VAZQUEZ GARCIA ALAN ENRIQUE','INGENIERÍA AUTOMOTRIZ','2do','MASCULINO','ACTIVO','',0,0,'','ALUMNO' | L70: =CONCATENATE($K$1,K70,");") -> INSERT INTO participantes (id,nivel,correo,matricula,clave,nombre,carrera,grado,sexo,situacion,evaluados,num_evaluados,total_evaluaciones,ultimo_acceso,nivel_acceso) VALUES (1069,'LICENCIATURA','alanenrique.vazquezgarcia','112166','TOMAR DEL SND','VAZQUEZ GARCIA ALAN ENRIQUE','INGENIERÍA AUTOMOTRIZ','2do','MASCULINO','ACTIVO','',0,0,'','ALUMNO'); | M70: =CONCATENATE("update participantes set correo=",C70," where id=",A70,";") -> update participantes set correo='alanenrique.vazquezgarcia' where id=1069;
A71: 1070 | B71: 'LICENCIATURA' | C71: =CONCATENATE("'",Alumnos!E485,"'") -> 'naomidanai.ramirezhidalgo' | D71: =CONCATENATE(Alumnos!F485,"'") -> '112167' | E71: TOMAR DEL SND' | F71: =CONCATENATE("'",Alumnos!H485,"'") -> 'RAMIREZ HIDALGO NAOMI DANAI' | G71: =CONCATENATE("'",Alumnos!I485,"'") -> 'ARQUITECTURA' | H71: =CONCATENATE("'",Alumnos!J485,"'") -> '2do' | I71: =UPPER(CONCATENATE("'",Alumnos!K485,"'")) -> 'FEMENINO' | J71: =UPPER(CONCATENATE("'",Alumnos!L485,"'")) -> 'ACTIVO' | K71: =CONCATENATE(A71,",",B71,",",C71,",",D71,",'",E71,",",F71,",",G71,",",H71,",",UPPER(I71),",",UPPER(J71),",'',0,0,'','ALUMNO'") -> 1070,'LICENCIATURA','naomidanai.ramirezhidalgo','112167','TOMAR DEL SND','RAMIREZ HIDALGO NAOMI DANAI','ARQUITECTURA','2do','FEMENINO','ACTIVO','',0,0,'','ALUMNO' | L71: =CONCATENATE($K$1,K71,");") -> INSERT INTO participantes (id,nivel,correo,matricula,clave,nombre,carrera,grado,sexo,situacion,evaluados,num_evaluados,total_evaluaciones,ultimo_acceso,nivel_acceso) VALUES (1070,'LICENCIATURA','naomidanai.ramirezhidalgo','112167','TOMAR DEL SND','RAMIREZ HIDALGO NAOMI DANAI','ARQUITECTURA','2do','FEMENINO','ACTIVO','',0,0,'','ALUMNO'); | M71: =CONCATENATE("update participantes set correo=",C71," where id=",A71,";") -> update participantes set correo='naomidanai.ramirezhidalgo' where id=1070;
A72: 1071 | B72: 'LICENCIATURA' | C72: =CONCATENATE("'",Alumnos!E86,"'") -> 'angelyael.cardenasruiz' | D72: =CONCATENATE(Alumnos!F86,"'") -> '112168' | E72: TOMAR DEL SND' | F72: =CONCATENATE("'",Alumnos!H86,"'") -> 'CARDENAS RUIZ ANGEL YAEL' | G72: =CONCATENATE("'",Alumnos!I86,"'") -> 'ARQUITECTURA' | H72: =CONCATENATE("'",Alumnos!J86,"'") -> '2do' | I72: =UPPER(CONCATENATE("'",Alumnos!K86,"'")) -> 'MASCULINO' | J72: =UPPER(CONCATENATE("'",Alumnos!L86,"'")) -> 'ACTIVO' | K72: =CONCATENATE(A72,",",B72,",",C72,",",D72,",'",E72,",",F72,",",G72,",",H72,",",UPPER(I72),",",UPPER(J72),",'',0,0,'','ALUMNO'") -> 1071,'LICENCIATURA','angelyael.cardenasruiz','112168','TOMAR DEL SND','CARDENAS RUIZ ANGEL YAEL','ARQUITECTURA','2do','MASCULINO','ACTIVO','',0,0,'','ALUMNO' | L72: =CONCATENATE($K$1,K72,");") -> INSERT INTO participantes (id,nivel,correo,matricula,clave,nombre,carrera,grado,sexo,situacion,evaluados,num_evaluados,total_evaluaciones,ultimo_acceso,nivel_acceso) VALUES (1071,'LICENCIATURA','angelyael.cardenasruiz','112168','TOMAR DEL SND','CARDENAS RUIZ ANGEL YAEL','ARQUITECTURA','2do','MASCULINO','ACTIVO','',0,0,'','ALUMNO'); | M72: =CONCATENATE("update participantes set correo=",C72," where id=",A72,";") -> update participantes set correo='angelyael.cardenasruiz' where id=1071;
A73: 1072 | B73: 'LICENCIATURA' | C73: =CONCATENATE("'",Alumnos!E42,"'") -> 'alvarodaniel.saavedraramirez' | D73: =CONCATENATE(Alumnos!F42,"'") -> '112169' | E73: TOMAR DEL SND' | F73: =CONCATENATE("'",Alumnos!H42,"'") -> 'SAAVEDRA RAMIREZ ALVARO DANIEL' | G73: =CONCATENATE("'",Alumnos!I42,"'") -> 'ARQUITECTURA' | H73: =CONCATENATE("'",Alumnos!J42,"'") -> '2do' | I73: =UPPER(CONCATENATE("'",Alumnos!K42,"'")) -> 'MASCULINO' | J73: =UPPER(CONCATENATE("'",Alumnos!L42,"'")) -> 'ACTIVO' | K73: =CONCATENATE(A73,",",B73,",",C73,",",D73,",'",E73,",",F73,",",G73,",",H73,",",UPPER(I73),",",UPPER(J73),",'',0,0,'','ALUMNO'") -> 1072,'LICENCIATURA','alvarodaniel.saavedraramirez','112169','TOMAR DEL SND','SAAVEDRA RAMIREZ ALVARO DANIEL','ARQUITECTURA','2do','MASCULINO','ACTIVO','',0,0,'','ALUMNO' | L73: =CONCATENATE($K$1,K73,");") -> INSERT INTO participantes (id,nivel,correo,matricula,clave,nombre,carrera,grado,sexo,situacion,evaluados,num_evaluados,total_evaluaciones,ultimo_acceso,nivel_acceso) VALUES (1072,'LICENCIATURA','alvarodaniel.saavedraramirez','112169','TOMAR DEL SND','SAAVEDRA RAMIREZ ALVARO DANIEL','ARQUITECTURA','2do','MASCULINO','ACTIVO','',0,0,'','ALUMNO'); | M73: =CONCATENATE("update participantes set correo=",C73," where id=",A73,";") -> update participantes set correo='alvarodaniel.saavedraramirez' where id=1072;
A74: 1073 | B74: 'LICENCIATURA' | C74: =CONCATENATE("'",Alumnos!E407,"'") -> 'luisalberto.silvasotelo' | D74: =CONCATENATE(Alumnos!F407,"'") -> '112170' | E74: TOMAR DEL SND' | F74: =CONCATENATE("'",Alumnos!H407,"'") -> 'SILVA SOTELO LUIS ALBERTO' | G74: =CONCATENATE("'",Alumnos!I407,"'") -> 'PSICOLOGIA' | H74: =CONCATENATE("'",Alumnos!J407,"'") -> '2do' | I74: =UPPER(CONCATENATE("'",Alumnos!K407,"'")) -> 'MASCULINO' | J74: =UPPER(CONCATENATE("'",Alumnos!L407,"'")) -> 'ACTIVO' | K74: =CONCATENATE(A74,",",B74,",",C74,",",D74,",'",E74,",",F74,",",G74,",",H74,",",UPPER(I74),",",UPPER(J74),",'',0,0,'','ALUMNO'") -> 1073,'LICENCIATURA','luisalberto.silvasotelo','112170','TOMAR DEL SND','SILVA SOTELO LUIS ALBERTO','PSICOLOGIA','2do','MASCULINO','ACTIVO','',0,0,'','ALUMNO' | L74: =CONCATENATE($K$1,K74,");") -> INSERT INTO participantes (id,nivel,correo,matricula,clave,nombre,carrera,grado,sexo,situacion,evaluados,num_evaluados,total_evaluaciones,ultimo_acceso,nivel_acceso) VALUES (1073,'LICENCIATURA','luisalberto.silvasotelo','112170','TOMAR DEL SND','SILVA SOTELO LUIS ALBERTO','PSICOLOGIA','2do','MASCULINO','ACTIVO','',0,0,'','ALUMNO'); | M74: =CONCATENATE("update participantes set correo=",C74," where id=",A74,";") -> update participantes set correo='luisalberto.silvasotelo' where id=1073;
A75: 1074 | B75: 'LICENCIATURA' | C75: =CONCATENATE("'",Alumnos!E539,"'") -> 'regina.marronperez' | D75: =CONCATENATE(Alumnos!F539,"'") -> '112171' | E75: TOMAR DEL SND' | F75: =CONCATENATE("'",Alumnos!H539,"'") -> 'MARRON PEREZ REGINA' | G75: =CONCATENATE("'",Alumnos!I539,"'") -> 'PSICOLOGIA' | H75: =CONCATENATE("'",Alumnos!J539,"'") -> '2do' | I75: =UPPER(CONCATENATE("'",Alumnos!K539,"'")) -> 'FEMENINO' | J75: =UPPER(CONCATENATE("'",Alumnos!L539,"'")) -> 'ACTIVO' | K75: =CONCATENATE(A75,",",B75,",",C75,",",D75,",'",E75,",",F75,",",G75,",",H75,",",UPPER(I75),",",UPPER(J75),",'',0,0,'','ALUMNO'") -> 1074,'LICENCIATURA','regina.marronperez','112171','TOMAR DEL SND','MARRON PEREZ REGINA','PSICOLOGIA','2do','FEMENINO','ACTIVO','',0,0,'','ALUMNO' | L75: =CONCATENATE($K$1,K75,");") -> INSERT INTO participantes (id,nivel,correo,matricula,clave,nombre,carrera,grado,sexo,situacion,evaluados,num_evaluados,total_evaluaciones,ultimo_acceso,nivel_acceso) VALUES (1074,'LICENCIATURA','regina.marronperez','112171','TOMAR DEL SND','MARRON PEREZ REGINA','PSICOLOGIA','2do','FEMENINO','ACTIVO','',0,0,'','ALUMNO'); | M75: =CONCATENATE("update participantes set correo=",C75," where id=",A75,";") -> update participantes set correo='regina.marronperez' where id=1074;
A76: 1075 | B76: 'LICENCIATURA' | C76: =CONCATENATE("'",Alumnos!E379,"'") -> 'karolguadalupe.sandovalvega' | D76: =CONCATENATE(Alumnos!F379,"'") -> '112172' | E76: TOMAR DEL SND' | F76: =CONCATENATE("'",Alumnos!H379,"'") -> 'SANDOVAL VEGA KAROL GUADALUPE' | G76: =CONCATENATE("'",Alumnos!I379,"'") -> 'PSICOLOGIA' | H76: =CONCATENATE("'",Alumnos!J379,"'") -> '2do' | I76: =UPPER(CONCATENATE("'",Alumnos!K379,"'")) -> 'FEMENINO' | J76: =UPPER(CONCATENATE("'",Alumnos!L379,"'")) -> 'ACTIVO' | K76: =CONCATENATE(A76,",",B76,",",C76,",",D76,",'",E76,",",F76,",",G76,",",H76,",",UPPER(I76),",",UPPER(J76),",'',0,0,'','ALUMNO'") -> 1075,'LICENCIATURA','karolguadalupe.sandovalvega','112172','TOMAR DEL SND','SANDOVAL VEGA KAROL GUADALUPE','PSICOLOGIA','2do','FEMENINO','ACTIVO','',0,0,'','ALUMNO' | L76: =CONCATENATE($K$1,K76,");") -> INSERT INTO participantes (id,nivel,correo,matricula,clave,nombre,carrera,grado,sexo,situacion,evaluados,num_evaluados,total_evaluaciones,ultimo_acceso,nivel_acceso) VALUES (1075,'LICENCIATURA','karolguadalupe.sandovalvega','112172','TOMAR DEL SND','SANDOVAL VEGA KAROL GUADALUPE','PSICOLOGIA','2do','FEMENINO','ACTIVO','',0,0,'','ALUMNO'); | M76: =CONCATENATE("update participantes set correo=",C76," where id=",A76,";") -> update participantes set correo='karolguadalupe.sandovalvega' where id=1075;
A77: 1076 | B77: 'LICENCIATURA' | C77: =CONCATENATE("'",Alumnos!E59,"'") -> 'andrea.perezortiz' | D77: =CONCATENATE(Alumnos!F59,"'") -> '112173' | E77: TOMAR DEL SND' | F77: =CONCATENATE("'",Alumnos!H59,"'") -> 'PEREZ ORTIZ ANDREA' | G77: =CONCATENATE("'",Alumnos!I59,"'") -> 'PSICOLOGIA' | H77: =CONCATENATE("'",Alumnos!J59,"'") -> '2do' | I77: =UPPER(CONCATENATE("'",Alumnos!K59,"'")) -> 'FEMENINO' | J77: =UPPER(CONCATENATE("'",Alumnos!L59,"'")) -> 'ACTIVO' | K77: =CONCATENATE(A77,",",B77,",",C77,",",D77,",'",E77,",",F77,",",G77,",",H77,",",UPPER(I77),",",UPPER(J77),",'',0,0,'','ALUMNO'") -> 1076,'LICENCIATURA','andrea.perezortiz','112173','TOMAR DEL SND','PEREZ ORTIZ ANDREA','PSICOLOGIA','2do','FEMENINO','ACTIVO','',0,0,'','ALUMNO' | L77: =CONCATENATE($K$1,K77,");") -> INSERT INTO participantes (id,nivel,correo,matricula,clave,nombre,carrera,grado,sexo,situacion,evaluados,num_evaluados,total_evaluaciones,ultimo_acceso,nivel_acceso) VALUES (1076,'LICENCIATURA','andrea.perezortiz','112173','TOMAR DEL SND','PEREZ ORTIZ ANDREA','PSICOLOGIA','2do','FEMENINO','ACTIVO','',0,0,'','ALUMNO'); | M77: =CONCATENATE("update participantes set correo=",C77," where id=",A77,";") -> update participantes set correo='andrea.perezortiz' where id=1076;
A78: 1077 | B78: 'LICENCIATURA' | C78: =CONCATENATE("'",Alumnos!E455,"'") -> 'marianoadonai.marquezdelgadillo' | D78: =CONCATENATE(Alumnos!F455,"'") -> '112174' | E78: TOMAR DEL SND' | F78: =CONCATENATE("'",Alumnos!H455,"'") -> 'MARQUEZ DELGADILLO MARIANO ADONAI' | G78: =CONCATENATE("'",Alumnos!I455,"'") -> 'INGENIERÍA AUTOMOTRIZ' | H78: =CONCATENATE("'",Alumnos!J455,"'") -> '2do' | I78: =UPPER(CONCATENATE("'",Alumnos!K455,"'")) -> 'MASCULINO' | J78: =UPPER(CONCATENATE("'",Alumnos!L455,"'")) -> 'ACTIVO' | K78: =CONCATENATE(A78,",",B78,",",C78,",",D78,",'",E78,",",F78,",",G78,",",H78,",",UPPER(I78),",",UPPER(J78),",'',0,0,'','ALUMNO'") -> 1077,'LICENCIATURA','marianoadonai.marquezdelgadillo','112174','TOMAR DEL SND','MARQUEZ DELGADILLO MARIANO ADONAI','INGENIERÍA AUTOMOTRIZ','2do','MASCULINO','ACTIVO','',0,0,'','ALUMNO' | L78: =CONCATENATE($K$1,K78,");") -> INSERT INTO participantes (id,nivel,correo,matricula,clave,nombre,carrera,grado,sexo,situacion,evaluados,num_evaluados,total_evaluaciones,ultimo_acceso,nivel_acceso) VALUES (1077,'LICENCIATURA','marianoadonai.marquezdelgadillo','112174','TOMAR DEL SND','MARQUEZ DELGADILLO MARIANO ADONAI','INGENIERÍA AUTOMOTRIZ','2do','MASCULINO','ACTIVO','',0,0,'','ALUMNO'); | M78: =CONCATENATE("update participantes set correo=",C78," where id=",A78,";") -> update participantes set correo='marianoadonai.marquezdelgadillo' where id=1077;
A79: 1078 | B79: 'LICENCIATURA' | C79: =CONCATENATE("'",Alumnos!E77,"'") -> 'angeldaniel.gutierrezdelacruz' | D79: =CONCATENATE(Alumnos!F77,"'") -> '112175' | E79: TOMAR DEL SND' | F79: =CONCATENATE("'",Alumnos!H77,"'") -> 'GUTIERREZ DE LA CRUZ ANGEL DANIEL' | G79: =CONCATENATE("'",Alumnos!I77,"'") -> 'INGENIERÍA AUTOMOTRIZ' | H79: =CONCATENATE("'",Alumnos!J77,"'") -> '2do' | I79: =UPPER(CONCATENATE("'",Alumnos!K77,"'")) -> 'MASCULINO' | J79: =UPPER(CONCATENATE("'",Alumnos!L77,"'")) -> 'ACTIVO' | K79: =CONCATENATE(A79,",",B79,",",C79,",",D79,",'",E79,",",F79,",",G79,",",H79,",",UPPER(I79),",",UPPER(J79),",'',0,0,'','ALUMNO'") -> 1078,'LICENCIATURA','angeldaniel.gutierrezdelacruz','112175','TOMAR DEL SND','GUTIERREZ DE LA CRUZ ANGEL DANIEL','INGENIERÍA AUTOMOTRIZ','2do','MASCULINO','ACTIVO','',0,0,'','ALUMNO' | L79: =CONCATENATE($K$1,K79,");") -> INSERT INTO participantes (id,nivel,correo,matricula,clave,nombre,carrera,grado,sexo,situacion,evaluados,num_evaluados,total_evaluaciones,ultimo_acceso,nivel_acceso) VALUES (1078,'LICENCIATURA','angeldaniel.gutierrezdelacruz','112175','TOMAR DEL SND','GUTIERREZ DE LA CRUZ ANGEL DANIEL','INGENIERÍA AUTOMOTRIZ','2do','MASCULINO','ACTIVO','',0,0,'','ALUMNO'); | M79: =CONCATENATE("update participantes set correo=",C79," where id=",A79,";") -> update participantes set correo='angeldaniel.gutierrezdelacruz' where id=1078;
A80: 1079 | B80: 'LICENCIATURA' | C80: =CONCATENATE("'",Alumnos!E555,"'") -> 'rodrigo.romoguadarrama' | D80: =CONCATENATE(Alumnos!F555,"'") -> '112176' | E80: TOMAR DEL SND' | F80: =CONCATENATE("'",Alumnos!H555,"'") -> 'ROMO GUADARRAMA RODRIGO' | G80: =CONCATENATE("'",Alumnos!I555,"'") -> 'INGENIERIA AEROESPACIAL' | H80: =CONCATENATE("'",Alumnos!J555,"'") -> '2do' | I80: =UPPER(CONCATENATE("'",Alumnos!K555,"'")) -> 'MASCULINO' | J80: =UPPER(CONCATENATE("'",Alumnos!L555,"'")) -> 'ACTIVO' | K80: =CONCATENATE(A80,",",B80,",",C80,",",D80,",'",E80,",",F80,",",G80,",",H80,",",UPPER(I80),",",UPPER(J80),",'',0,0,'','ALUMNO'") -> 1079,'LICENCIATURA','rodrigo.romoguadarrama','112176','TOMAR DEL SND','ROMO GUADARRAMA RODRIGO','INGENIERIA AEROESPACIAL','2do','MASCULINO','ACTIVO','',0,0,'','ALUMNO' | L80: =CONCATENATE($K$1,K80,");") -> INSERT INTO participantes (id,nivel,correo,matricula,clave,nombre,carrera,grado,sexo,situacion,evaluados,num_evaluados,total_evaluaciones,ultimo_acceso,nivel_acceso) VALUES (1079,'LICENCIATURA','rodrigo.romoguadarrama','112176','TOMAR DEL SND','ROMO GUADARRAMA RODRIGO','INGENIERIA AEROESPACIAL','2do','MASCULINO','ACTIVO','',0,0,'','ALUMNO'); | M80: =CONCATENATE("update participantes set correo=",C80," where id=",A80,";") -> update participantes set correo='rodrigo.romoguadarrama' where id=1079;
A81: 1080 | B81: 'LICENCIATURA' | C81: =CONCATENATE("'",Alumnos!E95,"'") -> 'arturoalexei.serranoguevara' | D81: =CONCATENATE(Alumnos!F95,"'") -> '112177' | E81: TOMAR DEL SND' | F81: =CONCATENATE("'",Alumnos!H95,"'") -> 'SERRANO GUEVARA ARTURO ALEXEI' | G81: =CONCATENATE("'",Alumnos!I95,"'") -> 'INGENIERIA AEROESPACIAL' | H81: =CONCATENATE("'",Alumnos!J95,"'") -> '2do' | I81: =UPPER(CONCATENATE("'",Alumnos!K95,"'")) -> 'MASCULINO' | J81: =UPPER(CONCATENATE("'",Alumnos!L95,"'")) -> 'ACTIVO' | K81: =CONCATENATE(A81,",",B81,",",C81,",",D81,",'",E81,",",F81,",",G81,",",H81,",",UPPER(I81),",",UPPER(J81),",'',0,0,'','ALUMNO'") -> 1080,'LICENCIATURA','arturoalexei.serranoguevara','112177','TOMAR DEL SND','SERRANO GUEVARA ARTURO ALEXEI','INGENIERIA AEROESPACIAL','2do','MASCULINO','ACTIVO','',0,0,'','ALUMNO' | L81: =CONCATENATE($K$1,K81,");") -> INSERT INTO participantes (id,nivel,correo,matricula,clave,nombre,carrera,grado,sexo,situacion,evaluados,num_evaluados,total_evaluaciones,ultimo_acceso,nivel_acceso) VALUES (1080,'LICENCIATURA','arturoalexei.serranoguevara','112177','TOMAR DEL SND','SERRANO GUEVARA ARTURO ALEXEI','INGENIERIA AEROESPACIAL','2do','MASCULINO','ACTIVO','',0,0,'','ALUMNO'); | M81: =CONCATENATE("update participantes set correo=",C81," where id=",A81,";") -> update participantes set correo='arturoalexei.serranoguevara' where id=1080;
A82: 1081 | B82: 'LICENCIATURA' | C82: =CONCATENATE("'",Alumnos!E427,"'") -> 'manuelamaria.rojassanchez' | D82: =CONCATENATE(Alumnos!F427,"'") -> '112178' | E82: TOMAR DEL SND' | F82: =CONCATENATE("'",Alumnos!H427,"'") -> 'ROJAS SANCHEZ MANUELA MARIA' | G82: =CONCATENATE("'",Alumnos!I427,"'") -> 'INGENIERIA AEROESPACIAL' | H82: =CONCATENATE("'",Alumnos!J427,"'") -> '2do' | I82: =UPPER(CONCATENATE("'",Alumnos!K427,"'")) -> 'FEMENINO' | J82: =UPPER(CONCATENATE("'",Alumnos!L427,"'")) -> 'ACTIVO' | K82: =CONCATENATE(A82,",",B82,",",C82,",",D82,",'",E82,",",F82,",",G82,",",H82,",",UPPER(I82),",",UPPER(J82),",'',0,0,'','ALUMNO'") -> 1081,'LICENCIATURA','manuelamaria.rojassanchez','112178','TOMAR DEL SND','ROJAS SANCHEZ MANUELA MARIA','INGENIERIA AEROESPACIAL','2do','FEMENINO','ACTIVO','',0,0,'','ALUMNO' | L82: =CONCATENATE($K$1,K82,");") -> INSERT INTO participantes (id,nivel,correo,matricula,clave,nombre,carrera,grado,sexo,situacion,evaluados,num_evaluados,total_evaluaciones,ultimo_acceso,nivel_acceso) VALUES (1081,'LICENCIATURA','manuelamaria.rojassanchez','112178','TOMAR DEL SND','ROJAS SANCHEZ MANUELA MARIA','INGENIERIA AEROESPACIAL','2do','FEMENINO','ACTIVO','',0,0,'','ALUMNO'); | M82: =CONCATENATE("update participantes set correo=",C82," where id=",A82,";") -> update participantes set correo='manuelamaria.rojassanchez' where id=1081;
A83: 1082 | B83: 'LICENCIATURA' | C83: =CONCATENATE("'",Alumnos!E215,"'") -> 'emilianosantiago.entzintapia' | D83: =CONCATENATE(Alumnos!F215,"'") -> '112179' | E83: TOMAR DEL SND' | F83: =CONCATENATE("'",Alumnos!H215,"'") -> 'ENTZIN TAPIA EMILIANO SANTIAGO' | G83: =CONCATENATE("'",Alumnos!I215,"'") -> 'INGENIERIA AEROESPACIAL' | H83: =CONCATENATE("'",Alumnos!J215,"'") -> '2do' | I83: =UPPER(CONCATENATE("'",Alumnos!K215,"'")) -> 'MASCULINO' | J83: =UPPER(CONCATENATE("'",Alumnos!L215,"'")) -> 'ACTIVO' | K83: =CONCATENATE(A83,",",B83,",",C83,",",D83,",'",E83,",",F83,",",G83,",",H83,",",UPPER(I83),",",UPPER(J83),",'',0,0,'','ALUMNO'") -> 1082,'LICENCIATURA','emilianosantiago.entzintapia','112179','TOMAR DEL SND','ENTZIN TAPIA EMILIANO SANTIAGO','INGENIERIA AEROESPACIAL','2do','MASCULINO','ACTIVO','',0,0,'','ALUMNO' | L83: =CONCATENATE($K$1,K83,");") -> INSERT INTO participantes (id,nivel,correo,matricula,clave,nombre,carrera,grado,sexo,situacion,evaluados,num_evaluados,total_evaluaciones,ultimo_acceso,nivel_acceso) VALUES (1082,'LICENCIATURA','emilianosantiago.entzintapia','112179','TOMAR DEL SND','ENTZIN TAPIA EMILIANO SANTIAGO','INGENIERIA AEROESPACIAL','2do','MASCULINO','ACTIVO','',0,0,'','ALUMNO'); | M83: =CONCATENATE("update participantes set correo=",C83," where id=",A83,";") -> update participantes set correo='emilianosantiago.entzintapia' where id=1082;
A84: 1083 | B84: 'LICENCIATURA' | C84: =CONCATENATE("'",Alumnos!E440,"'") -> 'mariafernanda.rodriguezduran' | D84: =CONCATENATE(Alumnos!F440,"'") -> '112180' | E84: TOMAR DEL SND' | F84: =CONCATENATE("'",Alumnos!H440,"'") -> 'RODRIGUEZ DURAN MARIA FERNANDA' | G84: =CONCATENATE("'",Alumnos!I440,"'") -> 'INGENIERIA AEROESPACIAL' | H84: =CONCATENATE("'",Alumnos!J440,"'") -> '2do' | I84: =UPPER(CONCATENATE("'",Alumnos!K440,"'")) -> 'FEMENINO' | J84: =UPPER(CONCATENATE("'",Alumnos!L440,"'")) -> 'ACTIVO' | K84: =CONCATENATE(A84,",",B84,",",C84,",",D84,",'",E84,",",F84,",",G84,",",H84,",",UPPER(I84),",",UPPER(J84),",'',0,0,'','ALUMNO'") -> 1083,'LICENCIATURA','mariafernanda.rodriguezduran','112180','TOMAR DEL SND','RODRIGUEZ DURAN MARIA FERNANDA','INGENIERIA AEROESPACIAL','2do','FEMENINO','ACTIVO','',0,0,'','ALUMNO' | L84: =CONCATENATE($K$1,K84,");") -> INSERT INTO participantes (id,nivel,correo,matricula,clave,nombre,carrera,grado,sexo,situacion,evaluados,num_evaluados,total_evaluaciones,ultimo_acceso,nivel_acceso) VALUES (1083,'LICENCIATURA','mariafernanda.rodriguezduran','112180','TOMAR DEL SND','RODRIGUEZ DURAN MARIA FERNANDA','INGENIERIA AEROESPACIAL','2do','FEMENINO','ACTIVO','',0,0,'','ALUMNO'); | M84: =CONCATENATE("update participantes set correo=",C84," where id=",A84,";") -> update participantes set correo='mariafernanda.rodriguezduran' where id=1083;
A85: 1084 | B85: 'LICENCIATURA' | C85: =CONCATENATE("'",Alumnos!E546,"'") -> 'ricardoalexander.garciarodriguez' | D85: =CONCATENATE(Alumnos!F546,"'") -> '112181' | E85: TOMAR DEL SND' | F85: =CONCATENATE("'",Alumnos!H546,"'") -> 'GARCIA RODRIGUEZ RICARDO ALEXANDER' | G85: =CONCATENATE("'",Alumnos!I546,"'") -> 'INGENIERIA AEROESPACIAL' | H85: =CONCATENATE("'",Alumnos!J546,"'") -> '2do' | I85: =UPPER(CONCATENATE("'",Alumnos!K546,"'")) -> 'MASCULINO' | J85: =UPPER(CONCATENATE("'",Alumnos!L546,"'")) -> 'ACTIVO' | K85: =CONCATENATE(A85,",",B85,",",C85,",",D85,",'",E85,",",F85,",",G85,",",H85,",",UPPER(I85),",",UPPER(J85),",'',0,0,'','ALUMNO'") -> 1084,'LICENCIATURA','ricardoalexander.garciarodriguez','112181','TOMAR DEL SND','GARCIA RODRIGUEZ RICARDO ALEXANDER','INGENIERIA AEROESPACIAL','2do','MASCULINO','ACTIVO','',0,0,'','ALUMNO' | L85: =CONCATENATE($K$1,K85,");") -> INSERT INTO participantes (id,nivel,correo,matricula,clave,nombre,carrera,grado,sexo,situacion,evaluados,num_evaluados,total_evaluaciones,ultimo_acceso,nivel_acceso) VALUES (1084,'LICENCIATURA','ricardoalexander.garciarodriguez','112181','TOMAR DEL SND','GARCIA RODRIGUEZ RICARDO ALEXANDER','INGENIERIA AEROESPACIAL','2do','MASCULINO','ACTIVO','',0,0,'','ALUMNO'); | M85: =CONCATENATE("update participantes set correo=",C85," where id=",A85,";") -> update participantes set correo='ricardoalexander.garciarodriguez' where id=1084;
A86: 1085 | B86: 'LICENCIATURA' | C86: =CONCATENATE("'",Alumnos!E28,"'") -> 'alejandro.cejacorrales' | D86: =CONCATENATE(Alumnos!F28,"'") -> '112182' | E86: TOMAR DEL SND' | F86: =CONCATENATE("'",Alumnos!H28,"'") -> 'CEJA CORRALES ALEJANDRO' | G86: =CONCATENATE("'",Alumnos!I28,"'") -> 'ADMINISTRACION Y DIRECCION DE NEGOCIOS' | H86: =CONCATENATE("'",Alumnos!J28,"'") -> '2do' | I86: =UPPER(CONCATENATE("'",Alumnos!K28,"'")) -> 'MASCULINO' | J86: =UPPER(CONCATENATE("'",Alumnos!L28,"'")) -> 'ACTIVO' | K86: =CONCATENATE(A86,",",B86,",",C86,",",D86,",'",E86,",",F86,",",G86,",",H86,",",UPPER(I86),",",UPPER(J86),",'',0,0,'','ALUMNO'") -> 1085,'LICENCIATURA','alejandro.cejacorrales','112182','TOMAR DEL SND','CEJA CORRALES ALEJANDRO','ADMINISTRACION Y DIRECCION DE NEGOCIOS','2do','MASCULINO','ACTIVO','',0,0,'','ALUMNO' | L86: =CONCATENATE($K$1,K86,");") -> INSERT INTO participantes (id,nivel,correo,matricula,clave,nombre,carrera,grado,sexo,situacion,evaluados,num_evaluados,total_evaluaciones,ultimo_acceso,nivel_acceso) VALUES (1085,'LICENCIATURA','alejandro.cejacorrales','112182','TOMAR DEL SND','CEJA CORRALES ALEJANDRO','ADMINISTRACION Y DIRECCION DE NEGOCIOS','2do','MASCULINO','ACTIVO','',0,0,'','ALUMNO'); | M86: =CONCATENATE("update participantes set correo=",C86," where id=",A86,";") -> update participantes set correo='alejandro.cejacorrales' where id=1085;
A87: 1086 | B87: 'LICENCIATURA' | C87: =CONCATENATE("'",Alumnos!E319,"'") -> 'jorgeeduardo.castrosolis' | D87: =CONCATENATE(Alumnos!F319,"'") -> '112183' | E87: TOMAR DEL SND' | F87: =CONCATENATE("'",Alumnos!H319,"'") -> 'CASTRO SOLIS JORGE EDUARDO' | G87: =CONCATENATE("'",Alumnos!I319,"'") -> 'INGENIERIA AEROESPACIAL' | H87: =CONCATENATE("'",Alumnos!J319,"'") -> '2do' | I87: =UPPER(CONCATENATE("'",Alumnos!K319,"'")) -> 'MASCULINO' | J87: =UPPER(CONCATENATE("'",Alumnos!L319,"'")) -> 'ACTIVO' | K87: =CONCATENATE(A87,",",B87,",",C87,",",D87,",'",E87,",",F87,",",G87,",",H87,",",UPPER(I87),",",UPPER(J87),",'',0,0,'','ALUMNO'") -> 1086,'LICENCIATURA','jorgeeduardo.castrosolis','112183','TOMAR DEL SND','CASTRO SOLIS JORGE EDUARDO','INGENIERIA AEROESPACIAL','2do','MASCULINO','ACTIVO','',0,0,'','ALUMNO' | L87: =CONCATENATE($K$1,K87,");") -> INSERT INTO participantes (id,nivel,correo,matricula,clave,nombre,carrera,grado,sexo,situacion,evaluados,num_evaluados,total_evaluaciones,ultimo_acceso,nivel_acceso) VALUES (1086,'LICENCIATURA','jorgeeduardo.castrosolis','112183','TOMAR DEL SND','CASTRO SOLIS JORGE EDUARDO','INGENIERIA AEROESPACIAL','2do','MASCULINO','ACTIVO','',0,0,'','ALUMNO'); | M87: =CONCATENATE("update participantes set correo=",C87," where id=",A87,";") -> update participantes set correo='jorgeeduardo.castrosolis' where id=1086;
A88: 1087 | B88: 'LICENCIATURA' | C88: =CONCATENATE("'",Alumnos!E504,"'") -> 'oscarandres.guzmanvazquez' | D88: =CONCATENATE(Alumnos!F504,"'") -> '112184' | E88: TOMAR DEL SND' | F88: =CONCATENATE("'",Alumnos!H504,"'") -> 'GUZMAN VAZQUEZ OSCAR ANDRES' | G88: =CONCATENATE("'",Alumnos!I504,"'") -> 'INGENIERIA AEROESPACIAL' | H88: =CONCATENATE("'",Alumnos!J504,"'") -> '2do' | I88: =UPPER(CONCATENATE("'",Alumnos!K504,"'")) -> 'MASCULINO' | J88: =UPPER(CONCATENATE("'",Alumnos!L504,"'")) -> 'ACTIVO' | K88: =CONCATENATE(A88,",",B88,",",C88,",",D88,",'",E88,",",F88,",",G88,",",H88,",",UPPER(I88),",",UPPER(J88),",'',0,0,'','ALUMNO'") -> 1087,'LICENCIATURA','oscarandres.guzmanvazquez','112184','TOMAR DEL SND','GUZMAN VAZQUEZ OSCAR ANDRES','INGENIERIA AEROESPACIAL','2do','MASCULINO','ACTIVO','',0,0,'','ALUMNO' | L88: =CONCATENATE($K$1,K88,");") -> INSERT INTO participantes (id,nivel,correo,matricula,clave,nombre,carrera,grado,sexo,situacion,evaluados,num_evaluados,total_evaluaciones,ultimo_acceso,nivel_acceso) VALUES (1087,'LICENCIATURA','oscarandres.guzmanvazquez','112184','TOMAR DEL SND','GUZMAN VAZQUEZ OSCAR ANDRES','INGENIERIA AEROESPACIAL','2do','MASCULINO','ACTIVO','',0,0,'','ALUMNO'); | M88: =CONCATENATE("update participantes set correo=",C88," where id=",A88,";") -> update participantes set correo='oscarandres.guzmanvazquez' where id=1087;
A89: 1088 | B89: 'LICENCIATURA' | C89: =CONCATENATE("'",Alumnos!E198,"'") -> 'duilioalfonso.morgangallardo' | D89: =CONCATENATE(Alumnos!F198,"'") -> '112185' | E89: TOMAR DEL SND' | F89: =CONCATENATE("'",Alumnos!H198,"'") -> 'MORGAN GALLARDO DUILIO ALFONSO' | G89: =CONCATENATE("'",Alumnos!I198,"'") -> 'INGENIERIA AEROESPACIAL' | H89: =CONCATENATE("'",Alumnos!J198,"'") -> '2do' | I89: =UPPER(CONCATENATE("'",Alumnos!K198,"'")) -> 'MASCULINO' | J89: =UPPER(CONCATENATE("'",Alumnos!L198,"'")) -> 'ACTIVO' | K89: =CONCATENATE(A89,",",B89,",",C89,",",D89,",'",E89,",",F89,",",G89,",",H89,",",UPPER(I89),",",UPPER(J89),",'',0,0,'','ALUMNO'") -> 1088,'LICENCIATURA','duilioalfonso.morgangallardo','112185','TOMAR DEL SND','MORGAN GALLARDO DUILIO ALFONSO','INGENIERIA AEROESPACIAL','2do','MASCULINO','ACTIVO','',0,0,'','ALUMNO' | L89: =CONCATENATE($K$1,K89,");") -> INSERT INTO participantes (id,nivel,correo,matricula,clave,nombre,carrera,grado,sexo,situacion,evaluados,num_evaluados,total_evaluaciones,ultimo_acceso,nivel_acceso) VALUES (1088,'LICENCIATURA','duilioalfonso.morgangallardo','112185','TOMAR DEL SND','MORGAN GALLARDO DUILIO ALFONSO','INGENIERIA AEROESPACIAL','2do','MASCULINO','ACTIVO','',0,0,'','ALUMNO'); | M89: =CONCATENATE("update participantes set correo=",C89," where id=",A89,";") -> update participantes set correo='duilioalfonso.morgangallardo' where id=1088;
A90: 1089 | B90: 'LICENCIATURA' | C90: =CONCATENATE("'",Alumnos!E247,"'") -> 'gabrielfrancisco.mendozagomez' | D90: =CONCATENATE(Alumnos!F247,"'") -> '112186' | E90: TOMAR DEL SND' | F90: =CONCATENATE("'",Alumnos!H247,"'") -> 'MENDOZA GOMEZ GABRIEL FRANCISCO' | G90: =CONCATENATE("'",Alumnos!I247,"'") -> 'INGENIERIA AEROESPACIAL' | H90: =CONCATENATE("'",Alumnos!J247,"'") -> '2do' | I90: =UPPER(CONCATENATE("'",Alumnos!K247,"'")) -> 'MASCULINO' | J90: =UPPER(CONCATENATE("'",Alumnos!L247,"'")) -> 'ACTIVO' | K90: =CONCATENATE(A90,",",B90,",",C90,",",D90,",'",E90,",",F90,",",G90,",",H90,",",UPPER(I90),",",UPPER(J90),",'',0,0,'','ALUMNO'") -> 1089,'LICENCIATURA','gabrielfrancisco.mendozagomez','112186','TOMAR DEL SND','MENDOZA GOMEZ GABRIEL FRANCISCO','INGENIERIA AEROESPACIAL','2do','MASCULINO','ACTIVO','',0,0,'','ALUMNO' | L90: =CONCATENATE($K$1,K90,");") -> INSERT INTO participantes (id,nivel,correo,matricula,clave,nombre,carrera,grado,sexo,situacion,evaluados,num_evaluados,total_evaluaciones,ultimo_acceso,nivel_acceso) VALUES (1089,'LICENCIATURA','gabrielfrancisco.mendozagomez','112186','TOMAR DEL SND','MENDOZA GOMEZ GABRIEL FRANCISCO','INGENIERIA AEROESPACIAL','2do','MASCULINO','ACTIVO','',0,0,'','ALUMNO'); | M90: =CONCATENATE("update participantes set correo=",C90," where id=",A90,";") -> update participantes set correo='gabrielfrancisco.mendozagomez' where id=1089;
A91: 1090 | B91: 'LICENCIATURA' | C91: =CONCATENATE("'",Alumnos!E560,"'") -> 'salvadorceo.garciaduran' | D91: =CONCATENATE(Alumnos!F560,"'") -> '112187' | E91: TOMAR DEL SND' | F91: =CONCATENATE("'",Alumnos!H560,"'") -> 'GARCIA DURAN SALVADOR CEO' | G91: =CONCATENATE("'",Alumnos!I560,"'") -> 'INGENIERIA AEROESPACIAL' | H91: =CONCATENATE("'",Alumnos!J560,"'") -> '2do' | I91: =UPPER(CONCATENATE("'",Alumnos!K560,"'")) -> 'MASCULINO' | J91: =UPPER(CONCATENATE("'",Alumnos!L560,"'")) -> 'ACTIVO' | K91: =CONCATENATE(A91,",",B91,",",C91,",",D91,",'",E91,",",F91,",",G91,",",H91,",",UPPER(I91),",",UPPER(J91),",'',0,0,'','ALUMNO'") -> 1090,'LICENCIATURA','salvadorceo.garciaduran','112187','TOMAR DEL SND','GARCIA DURAN SALVADOR CEO','INGENIERIA AEROESPACIAL','2do','MASCULINO','ACTIVO','',0,0,'','ALUMNO' | L91: =CONCATENATE($K$1,K91,");") -> INSERT INTO participantes (id,nivel,correo,matricula,clave,nombre,carrera,grado,sexo,situacion,evaluados,num_evaluados,total_evaluaciones,ultimo_acceso,nivel_acceso) VALUES (1090,'LICENCIATURA','salvadorceo.garciaduran','112187','TOMAR DEL SND','GARCIA DURAN SALVADOR CEO','INGENIERIA AEROESPACIAL','2do','MASCULINO','ACTIVO','',0,0,'','ALUMNO'); | M91: =CONCATENATE("update participantes set correo=",C91," where id=",A91,";") -> update participantes set correo='salvadorceo.garciaduran' where id=1090;
A92: 1091 | B92: 'LICENCIATURA' | C92: =CONCATENATE("'",Alumnos!E548,"'") -> 'robertoantonio.gonzalezmiranda' | D92: =CONCATENATE(Alumnos!F548,"'") -> '112188' | E92: TOMAR DEL SND' | F92: =CONCATENATE("'",Alumnos!H548,"'") -> 'GONZALEZ MIRANDA ROBERTO ANTONIO' | G92: =CONCATENATE("'",Alumnos!I548,"'") -> 'INGENIERIA AEROESPACIAL' | H92: =CONCATENATE("'",Alumnos!J548,"'") -> '2do' | I92: =UPPER(CONCATENATE("'",Alumnos!K548,"'")) -> 'MASCULINO' | J92: =UPPER(CONCATENATE("'",Alumnos!L548,"'")) -> 'ACTIVO' | K92: =CONCATENATE(A92,",",B92,",",C92,",",D92,",'",E92,",",F92,",",G92,",",H92,",",UPPER(I92),",",UPPER(J92),",'',0,0,'','ALUMNO'") -> 1091,'LICENCIATURA','robertoantonio.gonzalezmiranda','112188','TOMAR DEL SND','GONZALEZ MIRANDA ROBERTO ANTONIO','INGENIERIA AEROESPACIAL','2do','MASCULINO','ACTIVO','',0,0,'','ALUMNO' | L92: =CONCATENATE($K$1,K92,");") -> INSERT INTO participantes (id,nivel,correo,matricula,clave,nombre,carrera,grado,sexo,situacion,evaluados,num_evaluados,total_evaluaciones,ultimo_acceso,nivel_acceso) VALUES (1091,'LICENCIATURA','robertoantonio.gonzalezmiranda','112188','TOMAR DEL SND','GONZALEZ MIRANDA ROBERTO ANTONIO','INGENIERIA AEROESPACIAL','2do','MASCULINO','ACTIVO','',0,0,'','ALUMNO'); | M92: =CONCATENATE("update participantes set correo=",C92," where id=",A92,";") -> update participantes set correo='robertoantonio.gonzalezmiranda' where id=1091;
A93: 1092 | B93: 'LICENCIATURA' | C93: =CONCATENATE("'",Alumnos!E298,"'") -> 'javieralejandro.coronahernandez' | D93: =CONCATENATE(Alumnos!F298,"'") -> '112189' | E93: TOMAR DEL SND' | F93: =CONCATENATE("'",Alumnos!H298,"'") -> 'CORONA HERNANDEZ JAVIER ALEJANDRO' | G93: =CONCATENATE("'",Alumnos!I298,"'") -> 'INGENIERÍA AUTOMOTRIZ' | H93: =CONCATENATE("'",Alumnos!J298,"'") -> '2do' | I93: =UPPER(CONCATENATE("'",Alumnos!K298,"'")) -> 'MASCULINO' | J93: =UPPER(CONCATENATE("'",Alumnos!L298,"'")) -> 'ACTIVO' | K93: =CONCATENATE(A93,",",B93,",",C93,",",D93,",'",E93,",",F93,",",G93,",",H93,",",UPPER(I93),",",UPPER(J93),",'',0,0,'','ALUMNO'") -> 1092,'LICENCIATURA','javieralejandro.coronahernandez','112189','TOMAR DEL SND','CORONA HERNANDEZ JAVIER ALEJANDRO','INGENIERÍA AUTOMOTRIZ','2do','MASCULINO','ACTIVO','',0,0,'','ALUMNO' | L93: =CONCATENATE($K$1,K93,");") -> INSERT INTO participantes (id,nivel,correo,matricula,clave,nombre,carrera,grado,sexo,situacion,evaluados,num_evaluados,total_evaluaciones,ultimo_acceso,nivel_acceso) VALUES (1092,'LICENCIATURA','javieralejandro.coronahernandez','112189','TOMAR DEL SND','CORONA HERNANDEZ JAVIER ALEJANDRO','INGENIERÍA AUTOMOTRIZ','2do','MASCULINO','ACTIVO','',0,0,'','ALUMNO'); | M93: =CONCATENATE("update participantes set correo=",C93," where id=",A93,";") -> update participantes set correo='javieralejandro.coronahernandez' where id=1092;
A94: 1093 | B94: 'LICENCIATURA' | C94: =CONCATENATE("'",Alumnos!E491,"'") -> 'natalia.silvalugo' | D94: =CONCATENATE(Alumnos!F491,"'") -> '112190' | E94: TOMAR DEL SND' | F94: =CONCATENATE("'",Alumnos!H491,"'") -> 'SILVA LUGO NATALIA' | G94: =CONCATENATE("'",Alumnos!I491,"'") -> 'INGENIERÍA AUTOMOTRIZ' | H94: =CONCATENATE("'",Alumnos!J491,"'") -> '2do' | I94: =UPPER(CONCATENATE("'",Alumnos!K491,"'")) -> 'FEMENINO' | J94: =UPPER(CONCATENATE("'",Alumnos!L491,"'")) -> 'ACTIVO' | K94: =CONCATENATE(A94,",",B94,",",C94,",",D94,",'",E94,",",F94,",",G94,",",H94,",",UPPER(I94),",",UPPER(J94),",'',0,0,'','ALUMNO'") -> 1093,'LICENCIATURA','natalia.silvalugo','112190','TOMAR DEL SND','SILVA LUGO NATALIA','INGENIERÍA AUTOMOTRIZ','2do','FEMENINO','ACTIVO','',0,0,'','ALUMNO' | L94: =CONCATENATE($K$1,K94,");") -> INSERT INTO participantes (id,nivel,correo,matricula,clave,nombre,carrera,grado,sexo,situacion,evaluados,num_evaluados,total_evaluaciones,ultimo_acceso,nivel_acceso) VALUES (1093,'LICENCIATURA','natalia.silvalugo','112190','TOMAR DEL SND','SILVA LUGO NATALIA','INGENIERÍA AUTOMOTRIZ','2do','FEMENINO','ACTIVO','',0,0,'','ALUMNO'); | M94: =CONCATENATE("update participantes set correo=",C94," where id=",A94,";") -> update participantes set correo='natalia.silvalugo' where id=1093;
A95: 1094 | B95: 'LICENCIATURA' | C95: =CONCATENATE("'",Alumnos!E84,"'") -> 'angelleonel.riveranunez' | D95: =CONCATENATE(Alumnos!F84,"'") -> '112191' | E95: TOMAR DEL SND' | F95: =CONCATENATE("'",Alumnos!H84,"'") -> 'RIVERA NUÑEZ ANGEL LEONEL' | G95: =CONCATENATE("'",Alumnos!I84,"'") -> 'INGENIERÍA AUTOMOTRIZ' | H95: =CONCATENATE("'",Alumnos!J84,"'") -> '2do' | I95: =UPPER(CONCATENATE("'",Alumnos!K84,"'")) -> 'MASCULINO' | J95: =UPPER(CONCATENATE("'",Alumnos!L84,"'")) -> 'ACTIVO' | K95: =CONCATENATE(A95,",",B95,",",C95,",",D95,",'",E95,",",F95,",",G95,",",H95,",",UPPER(I95),",",UPPER(J95),",'',0,0,'','ALUMNO'") -> 1094,'LICENCIATURA','angelleonel.riveranunez','112191','TOMAR DEL SND','RIVERA NUÑEZ ANGEL LEONEL','INGENIERÍA AUTOMOTRIZ','2do','MASCULINO','ACTIVO','',0,0,'','ALUMNO' | L95: =CONCATENATE($K$1,K95,");") -> INSERT INTO participantes (id,nivel,correo,matricula,clave,nombre,carrera,grado,sexo,situacion,evaluados,num_evaluados,total_evaluaciones,ultimo_acceso,nivel_acceso) VALUES (1094,'LICENCIATURA','angelleonel.riveranunez','112191','TOMAR DEL SND','RIVERA NUÑEZ ANGEL LEONEL','INGENIERÍA AUTOMOTRIZ','2do','MASCULINO','ACTIVO','',0,0,'','ALUMNO'); | M95: =CONCATENATE("update participantes set correo=",C95," where id=",A95,";") -> update participantes set correo='angelleonel.riveranunez' where id=1094;
A96: 1095 | B96: 'LICENCIATURA' | C96: =CONCATENATE("'",Alumnos!E576,"'") -> 'sebastianalonso.palafoxfigueroa' | D96: =CONCATENATE(Alumnos!F576,"'") -> '112192' | E96: TOMAR DEL SND' | F96: =CONCATENATE("'",Alumnos!H576,"'") -> 'PALAFOX FIGUEROA SEBASTIAN ALONSO' | G96: =CONCATENATE("'",Alumnos!I576,"'") -> 'INGENIERÍA AUTOMOTRIZ' | H96: =CONCATENATE("'",Alumnos!J576,"'") -> '2do' | I96: =UPPER(CONCATENATE("'",Alumnos!K576,"'")) -> 'MASCULINO' | J96: =UPPER(CONCATENATE("'",Alumnos!L576,"'")) -> 'ACTIVO' | K96: =CONCATENATE(A96,",",B96,",",C96,",",D96,",'",E96,",",F96,",",G96,",",H96,",",UPPER(I96),",",UPPER(J96),",'',0,0,'','ALUMNO'") -> 1095,'LICENCIATURA','sebastianalonso.palafoxfigueroa','112192','TOMAR DEL SND','PALAFOX FIGUEROA SEBASTIAN ALONSO','INGENIERÍA AUTOMOTRIZ','2do','MASCULINO','ACTIVO','',0,0,'','ALUMNO' | L96: =CONCATENATE($K$1,K96,");") -> INSERT INTO participantes (id,nivel,correo,matricula,clave,nombre,carrera,grado,sexo,situacion,evaluados,num_evaluados,total_evaluaciones,ultimo_acceso,nivel_acceso) VALUES (1095,'LICENCIATURA','sebastianalonso.palafoxfigueroa','112192','TOMAR DEL SND','PALAFOX FIGUEROA SEBASTIAN ALONSO','INGENIERÍA AUTOMOTRIZ','2do','MASCULINO','ACTIVO','',0,0,'','ALUMNO'); | M96: =CONCATENATE("update participantes set correo=",C96," where id=",A96,";") -> update participantes set correo='sebastianalonso.palafoxfigueroa' where id=1095;
A97: 1096 | B97: 'LICENCIATURA' | C97: =CONCATENATE("'",Alumnos!E264,"'") -> 'gustavoemiliano.jassovargas' | D97: =CONCATENATE(Alumnos!F264,"'") -> '112193' | E97: TOMAR DEL SND' | F97: =CONCATENATE("'",Alumnos!H264,"'") -> 'JASSO VARGAS GUSTAVO EMILIANO' | G97: =CONCATENATE("'",Alumnos!I264,"'") -> 'INGENIERÍA AUTOMOTRIZ' | H97: =CONCATENATE("'",Alumnos!J264,"'") -> '2do' | I97: =UPPER(CONCATENATE("'",Alumnos!K264,"'")) -> 'MASCULINO' | J97: =UPPER(CONCATENATE("'",Alumnos!L264,"'")) -> 'ACTIVO' | K97: =CONCATENATE(A97,",",B97,",",C97,",",D97,",'",E97,",",F97,",",G97,",",H97,",",UPPER(I97),",",UPPER(J97),",'',0,0,'','ALUMNO'") -> 1096,'LICENCIATURA','gustavoemiliano.jassovargas','112193','TOMAR DEL SND','JASSO VARGAS GUSTAVO EMILIANO','INGENIERÍA AUTOMOTRIZ','2do','MASCULINO','ACTIVO','',0,0,'','ALUMNO' | L97: =CONCATENATE($K$1,K97,");") -> INSERT INTO participantes (id,nivel,correo,matricula,clave,nombre,carrera,grado,sexo,situacion,evaluados,num_evaluados,total_evaluaciones,ultimo_acceso,nivel_acceso) VALUES (1096,'LICENCIATURA','gustavoemiliano.jassovargas','112193','TOMAR DEL SND','JASSO VARGAS GUSTAVO EMILIANO','INGENIERÍA AUTOMOTRIZ','2do','MASCULINO','ACTIVO','',0,0,'','ALUMNO'); | M97: =CONCATENATE("update participantes set correo=",C97," where id=",A97,";") -> update participantes set correo='gustavoemiliano.jassovargas' where id=1096;
A98: 1097 | B98: 'LICENCIATURA' | C98: =CONCATENATE("'",Alumnos!E7,"'") -> 'adolfoalexander.vegaruelas' | D98: =CONCATENATE(Alumnos!F7,"'") -> '112194' | E98: TOMAR DEL SND' | F98: =CONCATENATE("'",Alumnos!H7,"'") -> 'VEGA RUELAS ADOLFO ALEXANDER' | G98: =CONCATENATE("'",Alumnos!I7,"'") -> 'INGENIERÍA AUTOMOTRIZ' | H98: =CONCATENATE("'",Alumnos!J7,"'") -> '2do' | I98: =UPPER(CONCATENATE("'",Alumnos!K7,"'")) -> 'MASCULINO' | J98: =UPPER(CONCATENATE("'",Alumnos!L7,"'")) -> 'ACTIVO' | K98: =CONCATENATE(A98,",",B98,",",C98,",",D98,",'",E98,",",F98,",",G98,",",H98,",",UPPER(I98),",",UPPER(J98),",'',0,0,'','ALUMNO'") -> 1097,'LICENCIATURA','adolfoalexander.vegaruelas','112194','TOMAR DEL SND','VEGA RUELAS ADOLFO ALEXANDER','INGENIERÍA AUTOMOTRIZ','2do','MASCULINO','ACTIVO','',0,0,'','ALUMNO' | L98: =CONCATENATE($K$1,K98,");") -> INSERT INTO participantes (id,nivel,correo,matricula,clave,nombre,carrera,grado,sexo,situacion,evaluados,num_evaluados,total_evaluaciones,ultimo_acceso,nivel_acceso) VALUES (1097,'LICENCIATURA','adolfoalexander.vegaruelas','112194','TOMAR DEL SND','VEGA RUELAS ADOLFO ALEXANDER','INGENIERÍA AUTOMOTRIZ','2do','MASCULINO','ACTIVO','',0,0,'','ALUMNO'); | M98: =CONCATENATE("update participantes set correo=",C98," where id=",A98,";") -> update participantes set correo='adolfoalexander.vegaruelas' where id=1097;
A99: 1098 | B99: 'LICENCIATURA' | C99: =CONCATENATE("'",Alumnos!E322,"'") -> 'jorgeluis.castromarquez' | D99: =CONCATENATE(Alumnos!F322,"'") -> '112195' | E99: TOMAR DEL SND' | F99: =CONCATENATE("'",Alumnos!H322,"'") -> 'CASTRO MARQUEZ JORGE LUIS' | G99: =CONCATENATE("'",Alumnos!I322,"'") -> 'INGENIERÍA AUTOMOTRIZ' | H99: =CONCATENATE("'",Alumnos!J322,"'") -> '2do' | I99: =UPPER(CONCATENATE("'",Alumnos!K322,"'")) -> 'MASCULINO' | J99: =UPPER(CONCATENATE("'",Alumnos!L322,"'")) -> 'ACTIVO' | K99: =CONCATENATE(A99,",",B99,",",C99,",",D99,",'",E99,",",F99,",",G99,",",H99,",",UPPER(I99),",",UPPER(J99),",'',0,0,'','ALUMNO'") -> 1098,'LICENCIATURA','jorgeluis.castromarquez','112195','TOMAR DEL SND','CASTRO MARQUEZ JORGE LUIS','INGENIERÍA AUTOMOTRIZ','2do','MASCULINO','ACTIVO','',0,0,'','ALUMNO' | L99: =CONCATENATE($K$1,K99,");") -> INSERT INTO participantes (id,nivel,correo,matricula,clave,nombre,carrera,grado,sexo,situacion,evaluados,num_evaluados,total_evaluaciones,ultimo_acceso,nivel_acceso) VALUES (1098,'LICENCIATURA','jorgeluis.castromarquez','112195','TOMAR DEL SND','CASTRO MARQUEZ JORGE LUIS','INGENIERÍA AUTOMOTRIZ','2do','MASCULINO','ACTIVO','',0,0,'','ALUMNO'); | M99: =CONCATENATE("update participantes set correo=",C99," where id=",A99,";") -> update participantes set correo='jorgeluis.castromarquez' where id=1098;
A100: 1099 | B100: 'LICENCIATURA' | C100: =CONCATENATE("'",Alumnos!E117,"'") -> 'brunosantiago.munozgutierrez' | D100: =CONCATENATE(Alumnos!F117,"'") -> '112196' | E100: TOMAR DEL SND' | F100: =CONCATENATE("'",Alumnos!H117,"'") -> 'MUÑOZ GUTIERREZ BRUNO SANTIAGO' | G100: =CONCATENATE("'",Alumnos!I117,"'") -> 'INGENIERÍA AUTOMOTRIZ' | H100: =CONCATENATE("'",Alumnos!J117,"'") -> '2do' | I100: =UPPER(CONCATENATE("'",Alumnos!K117,"'")) -> 'MASCULINO' | J100: =UPPER(CONCATENATE("'",Alumnos!L117,"'")) -> 'ACTIVO' | K100: =CONCATENATE(A100,",",B100,",",C100,",",D100,",'",E100,",",F100,",",G100,",",H100,",",UPPER(I100),",",UPPER(J100),",'',0,0,'','ALUMNO'") -> 1099,'LICENCIATURA','brunosantiago.munozgutierrez','112196','TOMAR DEL SND','MUÑOZ GUTIERREZ BRUNO SANTIAGO','INGENIERÍA AUTOMOTRIZ','2do','MASCULINO','ACTIVO','',0,0,'','ALUMNO' | L100: =CONCATENATE($K$1,K100,");") -> INSERT INTO participantes (id,nivel,correo,matricula,clave,nombre,carrera,grado,sexo,situacion,evaluados,num_evaluados,total_evaluaciones,ultimo_acceso,nivel_acceso) VALUES (1099,'LICENCIATURA','brunosantiago.munozgutierrez','112196','TOMAR DEL SND','MUÑOZ GUTIERREZ BRUNO SANTIAGO','INGENIERÍA AUTOMOTRIZ','2do','MASCULINO','ACTIVO','',0,0,'','ALUMNO'); | M100: =CONCATENATE("update participantes set correo=",C100," where id=",A100,";") -> update participantes set correo='brunosantiago.munozgutierrez' where id=1099;
...

Sheet Hoja3
A1: Matrícula | B1: Apellidos Alumno | C1: Nombre Alumno | D1: Correo Microsoft 365
A2: '111772 | B2: PELAYO DIAZ | C2: ABBY DESSIRE | D2: abbydessire.pelayodiaz
A3: '112156 | B3: MENDOZA VILLELA | C3: ABIGAIL | D3: abigail.mendozavillela
A4: '111103 | B4: GODOY FLORES | C4: ABRIL ISABELLA | D4: abrilisabella.godoyflores
A5: '111031 | B5: SANDOVAL CARDENAS | C5: ADAN OSWALDO | D5: adanoswaldo.sandovalcardenas
A6: '110517 | B6: GONZALEZ TOSCANO | C6: ADIB KALEB | D6: adibkaleb.gonzaleztoscano
A7: '112194 | B7: VEGA RUELAS | C7: ADOLFO ALEXANDER | D7: adolfoalexander.vegaruelas
A8: '109814 | B8: ESQUEDA MACIAS | C8: ADRIAN | D8: adrian.esquedamacias
A9: '111784 | B9: JAIME OJEDA | C9: ADRIAN | D9: adrian.jaimeojeda
A10: '111068 | B10: AMARO BALTIERRA | C10: ADRIANA | D10: adriana.amarobaltierra
A11: '112225 | B11: ZAVALA FLORES | C11: ADRIANA | D11: adriana.zavalaflores
A12: '111179 | B12: RODRIGUEZ MARTINEZ | C12: ADRIANA PAOLA | D12: adrianapaola.rodriguezmartinez
... A613: '111842 | B613: MORA ZEPEDA | C613: KEVIN JOSUE | D613: kevinjosue.morazepeda
